Protocollo;Gruppo;DataOraIncidente;Localizzazione1;STRADA1;Localizzazione2;STRADA2;Strada02;Chilometrica;DaSpecificare;NaturaIncidente;particolaritastrade;TipoStrada;FondoStradale;Pavimentazione;Segnaletica;CondizioneAtmosferica;Traffico;Visibilita;Illuminazione;NUM_FERITI;NUM_RISERVATA;NUM_MORTI;NUM_ILLESI;Longitudine;Latitudine;Confermato;Progressivo;TipoVeicolo;StatoVeicolo;TipoPersona;Sesso;Tipolesione;Deceduto;DecedutoDopo;CinturaCascoUtilizzato;Airbag;
5308766;11;03/03/2021 12:40:00;Strada Urbana;VIA ARDEATINA;in prossimit�;;del civico n.;940;;Tamponamento Multiplo;Rettilineo;Una carreggiata a doppio senso;Asciutto;Asfaltata;Verticale;Sereno;Normale;Buona;;0;0;0;5;12.5354;41.7987;-1;1;Autovettura privata;In marcia / fermata / arresto;Conducente;M;Illeso;0;;Non accertato;
5308766;11;03/03/2021 12:40:00;Strada Urbana;VIA ARDEATINA;in prossimit�;;del civico n.;940;;Tamponamento Multiplo;Rettilineo;Una carreggiata a doppio senso;Asciutto;Asfaltata;Verticale;Sereno;Normale;Buona;;0;0;0;5;12.5354;41.7987;-1;2;Autovettura privata;In marcia / fermata / arresto;Conducente;M;Illeso;0;;;
5308766;11;03/03/2021 12:40:00;Strada Urbana;VIA ARDEATINA;in prossimit�;;del civico n.;940;;Tamponamento Multiplo;Rettilineo;Una carreggiata a doppio senso;Asciutto;Asfaltata;Verticale;Sereno;Normale;Buona;;0;0;0;5;12.5354;41.7987;-1;3;Autovettura privata;In marcia / fermata / arresto;Conducente;M;Illeso;0;;;
5308766;11;03/03/2021 12:40:00;Strada Urbana;VIA ARDEATINA;in prossimit�;;del civico n.;940;;Tamponamento Multiplo;Rettilineo;Una carreggiata a doppio senso;Asciutto;Asfaltata;Verticale;Sereno;Normale;Buona;;0;0;0;5;12.5354;41.7987;-1;3;Autovettura privata;In marcia / fermata / arresto;Passeggero;M;Illeso;0;;;
5308766;11;03/03/2021 12:40:00;Strada Urbana;VIA ARDEATINA;in prossimit�;;del civico n.;940;;Tamponamento Multiplo;Rettilineo;Una carreggiata a doppio senso;Asciutto;Asfaltata;Verticale;Sereno;Normale;Buona;;0;0;0;5;12.5354;41.7987;-1;4;Autovettura privata;In marcia / fermata / arresto;Conducente;M;Illeso;0;;;
5308770;5;03/03/2021 08:10:00;Strada Urbana;VIA RENATO SIMONI;in corrispondenza;;del civico n.;52;;Veicolo in marcia contro veicoli in sosta;Rettilineo;Una carreggiata a doppio senso;Asciutto;Asfaltata;Verticale ed orizzontale;Sereno;Normale;Buona;;0;0;0;0;12.539;41.9098;-1;1;Autovettura privata;Sosta;;;;;;;
5308770;5;03/03/2021 08:10:00;Strada Urbana;VIA RENATO SIMONI;in corrispondenza;;del civico n.;52;;Veicolo in marcia contro veicoli in sosta;Rettilineo;Una carreggiata a doppio senso;Asciutto;Asfaltata;Verticale ed orizzontale;Sereno;Normale;Buona;;0;0;0;0;12.539;41.9098;-1;2;Motociclo a solo;Sosta;;;;;;;
5308770;5;03/03/2021 08:10:00;Strada Urbana;VIA RENATO SIMONI;in corrispondenza;;del civico n.;52;;Veicolo in marcia contro veicoli in sosta;Rettilineo;Una carreggiata a doppio senso;Asciutto;Asfaltata;Verticale ed orizzontale;Sereno;Normale;Buona;;0;0;0;0;12.539;41.9098;-1;3;Autovettura privata;Allontanatosi;;;;;;;
5308773;5;04/03/2021 08:00:00;Strada Urbana;VIA DELLA VANGA;all'intersezione con;LARGO BOIANO;LARGO BOIANO;;;Scontro frontale/laterale DX fra veicoli in marcia;Incrocio;Due carreggiate;Asciutto;Asfaltata;Verticale ed orizzontale;Sereno;Normale;Buona;;1;0;0;2;12.563;41.9109;-1;1;Autovettura privata;In marcia / fermata / arresto;Conducente;M;Illeso;0;;Non accertato;Esploso
5308773;5;04/03/2021 08:00:00;Strada Urbana;VIA DELLA VANGA;all'intersezione con;LARGO BOIANO;LARGO BOIANO;;;Scontro frontale/laterale DX fra veicoli in marcia;Incrocio;Due carreggiate;Asciutto;Asfaltata;Verticale ed orizzontale;Sereno;Normale;Buona;;1;0;0;2;12.563;41.9109;-1;1;Autovettura privata;In marcia / fermata / arresto;Passeggero;F;Rimandato;0;NON DECEDUTO;Non accertato;
5308773;5;04/03/2021 08:00:00;Strada Urbana;VIA DELLA VANGA;all'intersezione con;LARGO BOIANO;LARGO BOIANO;;;Scontro frontale/laterale DX fra veicoli in marcia;Incrocio;Due carreggiate;Asciutto;Asfaltata;Verticale ed orizzontale;Sereno;Normale;Buona;;1;0;0;2;12.563;41.9109;-1;2;Autovettura privata;In marcia / fermata / arresto;Conducente;M;Illeso;0;;Non accertato;Esploso
5308778;11;03/03/2021 08:00:00;Strada Urbana;VIA DI TOR CARBONE;in prossimit�;;del civico n.;59;;Scontro frontale/laterale DX fra veicoli in marcia;Rettilineo;Una carreggiata a doppio senso;Asciutto;Asfaltata;Verticale ed orizzontale;Sereno;Normale;Buona;;1;0;0;1;12.5348;41.8324;-1;1;Autovettura privata;In marcia / fermata / arresto;Conducente;M;Illeso;0;;Non accertato;
5308778;11;03/03/2021 08:00:00;Strada Urbana;VIA DI TOR CARBONE;in prossimit�;;del civico n.;59;;Scontro frontale/laterale DX fra veicoli in marcia;Rettilineo;Una carreggiata a doppio senso;Asciutto;Asfaltata;Verticale ed orizzontale;Sereno;Normale;Buona;;1;0;0;1;12.5348;41.8324;-1;2;Motociclo a solo;In marcia / fermata / arresto;Conducente;M;Rimandato;0;NON DECEDUTO;;
5308782;8;03/03/2021 13:30:00;Strada Urbana;VIA RAOUL CHIODELLI;da specificare;;;;prox via A. Danusso;Scontro laterale fra veicoli in marcia;Rettilineo;Due carreggiate;Asciutto;Con buche;Verticale ed orizzontale;Sereno;Normale;Buona;;1;0;0;1;12.6622;41.9064;-1;1;Autovettura privata;In marcia / fermata / arresto;Conducente;F;Illeso;0;;Non accertato;Inesploso
5308782;8;03/03/2021 13:30:00;Strada Urbana;VIA RAOUL CHIODELLI;da specificare;;;;prox via A. Danusso;Scontro laterale fra veicoli in marcia;Rettilineo;Due carreggiate;Asciutto;Con buche;Verticale ed orizzontale;Sereno;Normale;Buona;;1;0;0;1;12.6622;41.9064;-1;2;Motociclo a solo;In marcia / fermata / arresto;Conducente;M;Rifiuta cure immediate;0;NON DECEDUTO;Non accertato;
5308793;5;03/03/2021 13:45:00;Strada Urbana;VIA CIPRIANO FACCHINETTI;in prossimit�;;del civico n.;17;;Scontro laterale fra veicoli in marcia;Rettilineo;Una carreggiata a senso unico di marcia;Asciutto;Asfaltata;Verticale ed orizzontale;Sereno;Normale;Buona;;0;0;0;2;12.5467;41.9087;-1;1;Autovettura privata;In marcia / fermata / arresto;Conducente;F;Illeso;0;;Non accertato;Inesploso
5308793;5;03/03/2021 13:45:00;Strada Urbana;VIA CIPRIANO FACCHINETTI;in prossimit�;;del civico n.;17;;Scontro laterale fra veicoli in marcia;Rettilineo;Una carreggiata a senso unico di marcia;Asciutto;Asfaltata;Verticale ed orizzontale;Sereno;Normale;Buona;;0;0;0;2;12.5467;41.9087;-1;2;Autobus di linea;In marcia / fermata / arresto;Conducente;M;Illeso;0;;Non accertato;Inesploso
5308798;1;03/03/2021 11:50:00;Strada Urbana;VIA MARIO DE FIORI;all'intersezione con;VIA VITTORIA;VIA VITTORIA;;;Veicolo in marcia contro ostacolo accidentale;Intersezione non regolata/non segnalata;Una carreggiata a senso unico di marcia;Asciutto;Acciotolata;Assente;Sereno;Scarso;Buona;;0;0;0;1;12.4802;41.907;0;1;Motociclo a solo;In marcia / fermata / arresto;Conducente;M;Illeso;0;;Non accertato;
5308801;10;03/03/2021 17:30:00;Strada Urbana;VIA BELLICO CALPURNIO;in corrispondenza;;del civico n.;108;;Scontro laterale fra veicoli in marcia;Rettilineo;Una carreggiata a doppio senso;Asciutto;Asfaltata;Assente;Sereno;Normale;Buona;;0;0;0;5;12.6142;41.8263;-1;1;Autovettura privata;In marcia / fermata / arresto;Conducente;F;Illeso;0;;Non accertato;Inesploso
5308801;10;03/03/2021 17:30:00;Strada Urbana;VIA BELLICO CALPURNIO;in corrispondenza;;del civico n.;108;;Scontro laterale fra veicoli in marcia;Rettilineo;Una carreggiata a doppio senso;Asciutto;Asfaltata;Assente;Sereno;Normale;Buona;;0;0;0;5;12.6142;41.8263;-1;1;Autovettura privata;In marcia / fermata / arresto;Passeggero;F;Illeso;0;;Non accertato;Inesploso
5308801;10;03/03/2021 17:30:00;Strada Urbana;VIA BELLICO CALPURNIO;in corrispondenza;;del civico n.;108;;Scontro laterale fra veicoli in marcia;Rettilineo;Una carreggiata a doppio senso;Asciutto;Asfaltata;Assente;Sereno;Normale;Buona;;0;0;0;5;12.6142;41.8263;-1;1;Autovettura privata;In marcia / fermata / arresto;Passeggero;M;Illeso;0;;Non accertato;Inesploso
5308801;10;03/03/2021 17:30:00;Strada Urbana;VIA BELLICO CALPURNIO;in corrispondenza;;del civico n.;108;;Scontro laterale fra veicoli in marcia;Rettilineo;Una carreggiata a doppio senso;Asciutto;Asfaltata;Assente;Sereno;Normale;Buona;;0;0;0;5;12.6142;41.8263;-1;2;Autovettura privata;In marcia / fermata / arresto;Conducente;M;Illeso;0;;Non accertato;Inesploso
5308801;10;03/03/2021 17:30:00;Strada Urbana;VIA BELLICO CALPURNIO;in corrispondenza;;del civico n.;108;;Scontro laterale fra veicoli in marcia;Rettilineo;Una carreggiata a doppio senso;Asciutto;Asfaltata;Assente;Sereno;Normale;Buona;;0;0;0;5;12.6142;41.8263;-1;2;Autovettura privata;In marcia / fermata / arresto;Passeggero;F;Illeso;0;;Non accertato;Inesploso
5308807;15;03/03/2021 16:00:00;Strada Urbana;VIA PASQUALE BAFFI;da specificare;;;;fronte civico 6;Veicolo in marcia contro veicoli in sosta;Rettilineo;Una carreggiata a doppio senso;Asciutto;Asfaltata;Verticale ed orizzontale;Sereno;Normale;Buona;;0;0;0;2;12.4542;41.8516;-1;1;Autovettura privata;In marcia / fermata / arresto;Conducente;F;Illeso;0;;Non accertato;Inesploso
5308807;15;03/03/2021 16:00:00;Strada Urbana;VIA PASQUALE BAFFI;da specificare;;;;fronte civico 6;Veicolo in marcia contro veicoli in sosta;Rettilineo;Una carreggiata a doppio senso;Asciutto;Asfaltata;Verticale ed orizzontale;Sereno;Normale;Buona;;0;0;0;2;12.4542;41.8516;-1;2;Autovettura privata;In marcia / fermata / arresto;Conducente;M;Illeso;0;;Non accertato;Inesploso
5308807;15;03/03/2021 16:00:00;Strada Urbana;VIA PASQUALE BAFFI;da specificare;;;;fronte civico 6;Veicolo in marcia contro veicoli in sosta;Rettilineo;Una carreggiata a doppio senso;Asciutto;Asfaltata;Verticale ed orizzontale;Sereno;Normale;Buona;;0;0;0;2;12.4542;41.8516;-1;3;Autovettura privata;Sosta;;;;;;;
5308808;11;03/03/2021 08:45:00;Strada Urbana;VIA GIUSEPPE CERBARA;all'intersezione con;VIA FRANCESCO GIANGIACOMO;VIA FRANCESCO GIANGIACOMO;;;Scontro laterale fra veicoli in marcia;Incrocio;Due carreggiate;Asciutto;Asfaltata;Verticale ed orizzontale;Sereno;Scarso;Buona;;0;0;0;2;12.5015;41.8545;-1;1;Autovettura privata;In marcia / fermata / arresto;Conducente;F;Illeso;0;;;
5308808;11;03/03/2021 08:45:00;Strada Urbana;VIA GIUSEPPE CERBARA;all'intersezione con;VIA FRANCESCO GIANGIACOMO;VIA FRANCESCO GIANGIACOMO;;;Scontro laterale fra veicoli in marcia;Incrocio;Due carreggiate;Asciutto;Asfaltata;Verticale ed orizzontale;Sereno;Scarso;Buona;;0;0;0;2;12.5015;41.8545;-1;2;Quadriciclo;In marcia / fermata / arresto;Conducente;F;Illeso;0;;;
5308809;13;03/03/2021 08:00:00;Strada Urbana;VIALE DEI ROMAGNOLI;in prossimit�;;del civico n.;781;;Veicolo in marcia contro veicolo in sosta;Rettilineo;Una carreggiata a doppio senso;Asciutto;Asfaltata;Assente;Sereno;Intenso;Buona;;0;0;0;1;12.3028;41.7607;-1;1;Autovettura privata;In marcia / fermata / arresto;Conducente;F;Illeso;0;;Non accertato;
5308809;13;03/03/2021 08:00:00;Strada Urbana;VIALE DEI ROMAGNOLI;in prossimit�;;del civico n.;781;;Veicolo in marcia contro veicolo in sosta;Rettilineo;Una carreggiata a doppio senso;Asciutto;Asfaltata;Assente;Sereno;Intenso;Buona;;0;0;0;1;12.3028;41.7607;-1;2;Autovettura privata;Sosta;;;;;;;
5308811;18;03/03/2021 18:35:00;Strada Urbana;VIA AURELIA;in corrispondenza;;del civico n.;430;;Scontro laterale fra veicoli in marcia;Rettilineo;Pi� di due carreggiate;Asciutto;Asfaltata;Verticale ed orizzontale;Sereno;Normale;Sufficiente;;0;0;0;3;12.4269;41.8987;-1;1;Autovettura privata;In marcia / fermata / arresto;Conducente;F;Illeso;0;;;
5308811;18;03/03/2021 18:35:00;Strada Urbana;VIA AURELIA;in corrispondenza;;del civico n.;430;;Scontro laterale fra veicoli in marcia;Rettilineo;Pi� di due carreggiate;Asciutto;Asfaltata;Verticale ed orizzontale;Sereno;Normale;Sufficiente;;0;0;0;3;12.4269;41.8987;-1;1;Autovettura privata;In marcia / fermata / arresto;Passeggero;M;Illeso;0;;;
5308811;18;03/03/2021 18:35:00;Strada Urbana;VIA AURELIA;in corrispondenza;;del civico n.;430;;Scontro laterale fra veicoli in marcia;Rettilineo;Pi� di due carreggiate;Asciutto;Asfaltata;Verticale ed orizzontale;Sereno;Normale;Sufficiente;;0;0;0;3;12.4269;41.8987;-1;2;Autovettura privata;In marcia / fermata / arresto;Conducente;F;Illeso;0;;;
5308824;7;03/03/2021 15:15:00;Strada Urbana;VIA DELLA RUSTICA;in corrispondenza;;del civico n.;306;;Scontro laterale fra veicoli in marcia;Rettilineo;Una carreggiata a doppio senso;Asciutto;Asfaltata;Verticale;Sereno;Normale;Buona;;0;0;0;2;12.6128;41.914;-1;1;Autovettura privata;In marcia / fermata / arresto;Conducente;F;Illeso;0;;;
5308824;7;03/03/2021 15:15:00;Strada Urbana;VIA DELLA RUSTICA;in corrispondenza;;del civico n.;306;;Scontro laterale fra veicoli in marcia;Rettilineo;Una carreggiata a doppio senso;Asciutto;Asfaltata;Verticale;Sereno;Normale;Buona;;0;0;0;2;12.6128;41.914;-1;2;Autocarro inferiore 35 q.;In marcia / fermata / arresto;Conducente;M;Illeso;0;;;
5308826;10;02/03/2021 22:45:00;Strada Urbana;VIA APPIA NUOVA;da specificare;;;;km. 13.500;Veicolo in marcia contro ostacolo fisso;Rettilineo;Pi� di due carreggiate;Asciutto;Asfaltata;Verticale ed orizzontale;Sereno;Scarso;Sufficiente;;0;0;0;1;12.5719;41.8133;-1;1;Autovettura privata;In marcia / fermata / arresto;Conducente;F;Illeso;0;;Non accertato;Inesploso
5308828;4;03/03/2021 19:50:00;Statale;VIA SALARIA;in corrispondenza;;della chilometrica;20;;Veicolo in marcia contro animale;Rettilineo;Una carreggiata a doppio senso;Asciutto;Asfaltata;Verticale ed orizzontale;Sereno;Normale;Insufficiente;;0;0;0;1;13.0816;42.4174;-1;1;Autovettura privata;In marcia / fermata / arresto;Conducente;M;Illeso;0;;Non accertato;Inesploso
5308833;11;03/03/2021 08:30:00;Strada Urbana;VIA CRISTOFORO COLOMBO;da specificare;;;;CARR. CENTRALE DIREZIONE CENTRO PALO ACEA 111;Veicolo in marcia contro veicolo arresto;Rettilineo;Pi� di due carreggiate;Asciutto;Asfaltata;Orizzontale;Sereno;Intenso;Buona;;1;0;0;2;12.4979;41.8623;-1;1;Autovettura privata;In marcia / fermata / arresto;Conducente;F;Illeso;0;;;
5308833;11;03/03/2021 08:30:00;Strada Urbana;VIA CRISTOFORO COLOMBO;da specificare;;;;CARR. CENTRALE DIREZIONE CENTRO PALO ACEA 111;Veicolo in marcia contro veicolo arresto;Rettilineo;Pi� di due carreggiate;Asciutto;Asfaltata;Orizzontale;Sereno;Intenso;Buona;;1;0;0;2;12.4979;41.8623;-1;1;Autovettura privata;In marcia / fermata / arresto;Passeggero;M;Illeso;0;;;
5308833;11;03/03/2021 08:30:00;Strada Urbana;VIA CRISTOFORO COLOMBO;da specificare;;;;CARR. CENTRALE DIREZIONE CENTRO PALO ACEA 111;Veicolo in marcia contro veicolo arresto;Rettilineo;Pi� di due carreggiate;Asciutto;Asfaltata;Orizzontale;Sereno;Intenso;Buona;;1;0;0;2;12.4979;41.8623;-1;2;Motociclo con passeggero;In marcia / fermata / arresto;Conducente;M;Rimandato;0;NON DECEDUTO;;
5308834;11;03/03/2021 08:15:00;Strada Urbana;PIAZZA DEL GAZOMETRO;all'intersezione con;VIA OSTIENSE;VIA OSTIENSE;;;Scontro frontale/laterale SX fra veicoli in marcia;Incrocio;Una carreggiata a senso unico di marcia;Asciutto;Asfaltata;Verticale ed orizzontale;Sereno;Normale;Buona;;0;0;0;2;12.4795;41.8703;-1;1;Autovettura privata;In marcia / fermata / arresto;Conducente;M;Illeso;0;;Non accertato;
5308834;11;03/03/2021 08:15:00;Strada Urbana;PIAZZA DEL GAZOMETRO;all'intersezione con;VIA OSTIENSE;VIA OSTIENSE;;;Scontro frontale/laterale SX fra veicoli in marcia;Incrocio;Una carreggiata a senso unico di marcia;Asciutto;Asfaltata;Verticale ed orizzontale;Sereno;Normale;Buona;;0;0;0;2;12.4795;41.8703;-1;2;Autovettura privata;In marcia / fermata / arresto;Conducente;F;Illeso;0;;Non accertato;
5308846;18;03/03/2021 16:30:00;Strada Urbana;VIA DRONERO;in corrispondenza;;del civico n.;9;;Infortunio per sola frenata improvvisa;Rettilineo;Una carreggiata a doppio senso;Asciutto;Asfaltata;Verticale;Sereno;Normale;Buona;;1;0;0;0;12.3851;41.917;-1;1;Motociclo a solo;In marcia / fermata / arresto;Conducente;M;Rifiuta cure immediate;0;NON DECEDUTO;Non accertato;
5308847;10;03/03/2021 15:50:00;Strada Urbana;VIA ANAGNINA;da specificare;;;;prossimit� via Polistena;Scontro laterale fra veicoli in marcia;Rettilineo;Una carreggiata a senso unico di marcia;Asciutto;Asfaltata;Verticale ed orizzontale;Sereno;Normale;Buona;;0;0;0;5;12.6105;41.8206;-1;1;Autovettura privata;In marcia / fermata / arresto;Conducente;F;Illeso;0;;;Inesploso
5308847;10;03/03/2021 15:50:00;Strada Urbana;VIA ANAGNINA;da specificare;;;;prossimit� via Polistena;Scontro laterale fra veicoli in marcia;Rettilineo;Una carreggiata a senso unico di marcia;Asciutto;Asfaltata;Verticale ed orizzontale;Sereno;Normale;Buona;;0;0;0;5;12.6105;41.8206;-1;1;Autovettura privata;In marcia / fermata / arresto;Passeggero;F;Illeso;0;;;Inesploso
5308847;10;03/03/2021 15:50:00;Strada Urbana;VIA ANAGNINA;da specificare;;;;prossimit� via Polistena;Scontro laterale fra veicoli in marcia;Rettilineo;Una carreggiata a senso unico di marcia;Asciutto;Asfaltata;Verticale ed orizzontale;Sereno;Normale;Buona;;0;0;0;5;12.6105;41.8206;-1;1;Autovettura privata;In marcia / fermata / arresto;Passeggero;F;Illeso;0;;;Inesploso
5308847;10;03/03/2021 15:50:00;Strada Urbana;VIA ANAGNINA;da specificare;;;;prossimit� via Polistena;Scontro laterale fra veicoli in marcia;Rettilineo;Una carreggiata a senso unico di marcia;Asciutto;Asfaltata;Verticale ed orizzontale;Sereno;Normale;Buona;;0;0;0;5;12.6105;41.8206;-1;1;Autovettura privata;In marcia / fermata / arresto;Passeggero;F;Illeso;0;;;Inesploso
5308847;10;03/03/2021 15:50:00;Strada Urbana;VIA ANAGNINA;da specificare;;;;prossimit� via Polistena;Scontro laterale fra veicoli in marcia;Rettilineo;Una carreggiata a senso unico di marcia;Asciutto;Asfaltata;Verticale ed orizzontale;Sereno;Normale;Buona;;0;0;0;5;12.6105;41.8206;-1;1;Autovettura privata;In marcia / fermata / arresto;Passeggero;M;Illeso;0;;;Inesploso
5308847;10;03/03/2021 15:50:00;Strada Urbana;VIA ANAGNINA;da specificare;;;;prossimit� via Polistena;Scontro laterale fra veicoli in marcia;Rettilineo;Una carreggiata a senso unico di marcia;Asciutto;Asfaltata;Verticale ed orizzontale;Sereno;Normale;Buona;;0;0;0;5;12.6105;41.8206;-1;2;Autovettura privata;Allontanatosi;;;;;;;
5308851;4;03/03/2021 22:30:00;Strada Urbana;VIA MONTE NEVOSO;in prossimit�;;del civico n.;88;;Scontro frontale fra veicoli in marcia;Curva senza visuale libera;Una carreggiata a doppio senso;Asciutto;Asfaltata;Verticale ed orizzontale;Sereno;Scarso;Buona;;0;0;0;2;12.5334;41.9302;-1;1;Autovettura privata;In marcia / fermata / arresto;Conducente;F;Illeso;0;;Non accertato;Esploso
5308851;4;03/03/2021 22:30:00;Strada Urbana;VIA MONTE NEVOSO;in prossimit�;;del civico n.;88;;Scontro frontale fra veicoli in marcia;Curva senza visuale libera;Una carreggiata a doppio senso;Asciutto;Asfaltata;Verticale ed orizzontale;Sereno;Scarso;Buona;;0;0;0;2;12.5334;41.9302;-1;2;Autovettura privata;In marcia / fermata / arresto;Conducente;M;Illeso;0;;Non accertato;Inesploso
5308858;1;03/03/2021 12:35:00;Strada Urbana;LUNGOTEVERE DE' CENCI;in prossimit�;;del civico n.;3 b;;Scontro frontale/laterale DX fra veicoli in marcia;Rettilineo;Una carreggiata a senso unico di marcia;Asciutto;Asfaltata;Verticale;Sereno;Normale;Buona;;0;0;0;2;12.4752;41.8918;-1;1;Autovettura privata;In marcia / fermata / arresto;Conducente;M;Illeso;0;;Non accertato;Inesploso
5308858;1;03/03/2021 12:35:00;Strada Urbana;LUNGOTEVERE DE' CENCI;in prossimit�;;del civico n.;3 b;;Scontro frontale/laterale DX fra veicoli in marcia;Rettilineo;Una carreggiata a senso unico di marcia;Asciutto;Asfaltata;Verticale;Sereno;Normale;Buona;;0;0;0;2;12.4752;41.8918;-1;2;Autobus di linea;In marcia / fermata / arresto;Conducente;M;Illeso;0;;Non accertato;Inesploso
5308864;12;03/03/2021 14:15:00;Strada Urbana;VIA FRANCESCO DE SUPPE';da specificare;;;;Parcheggio coperto Metro Laurentina;Veicolo in marcia contro veicolo in sosta;Rettilineo;Una carreggiata a senso unico di marcia;Asciutto;Asfaltata;Verticale ed orizzontale;Sereno;Scarso;Buona;;0;0;0;1;12.4821;41.8256;-1;1;Autovettura privata;Sosta;;;;;;;
5308864;12;03/03/2021 14:15:00;Strada Urbana;VIA FRANCESCO DE SUPPE';da specificare;;;;Parcheggio coperto Metro Laurentina;Veicolo in marcia contro veicolo in sosta;Rettilineo;Una carreggiata a senso unico di marcia;Asciutto;Asfaltata;Verticale ed orizzontale;Sereno;Scarso;Buona;;0;0;0;1;12.4821;41.8256;-1;2;Autovettura privata;In marcia / fermata / arresto;Conducente;F;Illeso;0;;;
5308870;18;03/03/2021 18:45:00;Strada Urbana;VIA GREGORIO XI;da specificare;;;;530 metri prima dell'intersezione con via Aurelia;Investimento di pedone;Rettilineo;Una carreggiata a senso unico di marcia;Asciutto;Asfaltata;Verticale ed orizzontale;Sereno;Normale;Buona;;2;0;0;0;12.4067;41.892;-1;;;;Pedone;M;Ricoverato;0;NON DECEDUTO;;
5308870;18;03/03/2021 18:45:00;Strada Urbana;VIA GREGORIO XI;da specificare;;;;530 metri prima dell'intersezione con via Aurelia;Investimento di pedone;Rettilineo;Una carreggiata a senso unico di marcia;Asciutto;Asfaltata;Verticale ed orizzontale;Sereno;Normale;Buona;;2;0;0;0;12.4067;41.892;-1;1;Motociclo a solo;In marcia / fermata / arresto;Conducente;M;Rimandato;0;NON DECEDUTO;Non accertato;
5308874;13;03/03/2021 16:30:00;Strada Urbana;VIA ERNESTO BOEZI;all'intersezione con;VIA LUIGI TORCHI;VIA LUIGI TORCHI;;;Scontro frontale/laterale SX fra veicoli in marcia;Incrocio;Una carreggiata a doppio senso;Asciutto;Asfaltata;Assente;Sereno;Normale;Buona;;0;0;0;2;12.3685;41.739;-1;1;Velocipede;In marcia / fermata / arresto;Conducente;M;Illeso;0;;Esente;
5308874;13;03/03/2021 16:30:00;Strada Urbana;VIA ERNESTO BOEZI;all'intersezione con;VIA LUIGI TORCHI;VIA LUIGI TORCHI;;;Scontro frontale/laterale SX fra veicoli in marcia;Incrocio;Una carreggiata a doppio senso;Asciutto;Asfaltata;Assente;Sereno;Normale;Buona;;0;0;0;2;12.3685;41.739;-1;2;Autovettura privata;In marcia / fermata / arresto;Conducente;F;Illeso;0;;Non accertato;Inesploso
5308940;17;03/03/2021 17:30:00;Strada Urbana;VIA BARLETTA;in corrispondenza;;del civico n.;4;;Scontro frontale/laterale DX fra veicoli in marcia;Rettilineo;Pi� di due carreggiate;Asciutto;Asfaltata;Verticale ed orizzontale;Sereno;Normale;Buona;;0;0;0;2;12.4583;41.9106;-1;1;Velocipede;In marcia / fermata / arresto;Conducente;M;Illeso;0;;Esente;
5308940;17;03/03/2021 17:30:00;Strada Urbana;VIA BARLETTA;in corrispondenza;;del civico n.;4;;Scontro frontale/laterale DX fra veicoli in marcia;Rettilineo;Pi� di due carreggiate;Asciutto;Asfaltata;Verticale ed orizzontale;Sereno;Normale;Buona;;0;0;0;2;12.4583;41.9106;-1;2;Velocipede;In marcia / fermata / arresto;Conducente;F;Illeso;0;;Esente;
5308969;15;03/03/2021 17:00:00;Strada Urbana;VIA FRANCESCO SAVERIO SOLARI;in prossimit�;;del civico n.;4;;Veicolo in marcia contro veicoli in sosta;Rettilineo;Una carreggiata a senso unico di marcia;Asciutto;Asfaltata;Orizzontale;Sereno;Normale;Buona;;0;0;0;0;12.4565;41.8631;-1;1;Autovettura privata;Sosta;;;;;;;
5308969;15;03/03/2021 17:00:00;Strada Urbana;VIA FRANCESCO SAVERIO SOLARI;in prossimit�;;del civico n.;4;;Veicolo in marcia contro veicoli in sosta;Rettilineo;Una carreggiata a senso unico di marcia;Asciutto;Asfaltata;Orizzontale;Sereno;Normale;Buona;;0;0;0;0;12.4565;41.8631;-1;2;Motociclo a solo;Sosta;;;;;;;
5308969;15;03/03/2021 17:00:00;Strada Urbana;VIA FRANCESCO SAVERIO SOLARI;in prossimit�;;del civico n.;4;;Veicolo in marcia contro veicoli in sosta;Rettilineo;Una carreggiata a senso unico di marcia;Asciutto;Asfaltata;Orizzontale;Sereno;Normale;Buona;;0;0;0;0;12.4565;41.8631;-1;3;Autovettura privata;Sosta;;;;;;;
5308986;13;03/03/2021 16:50:00;Strada Urbana;VIA DEL MARE;in prossimit�;;della chilometrica;27;;Investimento di pedone;Rettilineo;Una carreggiata a doppio senso;Asciutto;Asfaltata;Verticale ed orizzontale;Sereno;Normale;Buona;;1;0;0;2;12.2798;41.7344;-1;;;;Pedone;M;Rimandato;0;NON DECEDUTO;;
5308986;13;03/03/2021 16:50:00;Strada Urbana;VIA DEL MARE;in prossimit�;;della chilometrica;27;;Investimento di pedone;Rettilineo;Una carreggiata a doppio senso;Asciutto;Asfaltata;Verticale ed orizzontale;Sereno;Normale;Buona;;1;0;0;2;12.2798;41.7344;-1;1;Autovettura privata;In marcia / fermata / arresto;Conducente;M;Illeso;0;;Non accertato;Inesploso