Protocollo;Gruppo;DataOraIncidente;Localizzazione1;STRADA1;Localizzazione2;STRADA2;Strada02;Chilometrica;DaSpecificare;NaturaIncidente;particolaritastrade;TipoStrada;FondoStradale;Pavimentazione;Segnaletica;CondizioneAtmosferica;Traffico;Visibilita;Illuminazione;NUM_FERITI;NUM_RISERVATA;NUM_MORTI;NUM_ILLESI;Longitudine;Latitudine;Confermato;Progressivo;TipoVeicolo;StatoVeicolo;TipoPersona;Sesso;Tipolesione;Deceduto;DecedutoDopo;CinturaCascoUtilizzato;Airbag;
5311391;15;05/03/2021 12:55:00;Strada Urbana;VIA DELLA MAGLIANA NUOVA;in corrispondenza;;del civico n.;330;;Scontro laterale fra veicoli in marcia;Rettilineo;Una carreggiata a doppio senso;Asciutto;Asfaltata;Verticale ed orizzontale;Nuvoloso;Normale;Buona;;0;0;0;3;12.4564;41.849;-1;1;Autovettura privata;In marcia / fermata / arresto;Passeggero;F;Illeso;0;;Non accertato;Inesploso
5311391;15;05/03/2021 12:55:00;Strada Urbana;VIA DELLA MAGLIANA NUOVA;in corrispondenza;;del civico n.;330;;Scontro laterale fra veicoli in marcia;Rettilineo;Una carreggiata a doppio senso;Asciutto;Asfaltata;Verticale ed orizzontale;Nuvoloso;Normale;Buona;;0;0;0;3;12.4564;41.849;-1;2;Autovettura privata;In marcia / fermata / arresto;Conducente;M;Illeso;0;;Non accertato;Inesploso
5311540;1;04/03/2021 18:05:00;Strada Urbana;VIALE CASTRO PRETORIO;all'intersezione semaforizzata con;VIA SAN MARTINO DELLA BATTAGLIA;VIA SAN MARTINO DELLA BATTAGLIA;;;Scontro laterale fra veicoli in marcia;Intersezione semaforizzata;Una carreggiata a doppio senso;Asciutto;Asfaltata;Verticale ed orizzontale;Sereno;Normale;Buona;;1;0;0;2;12.5054;41.9061;-1;1;Autovettura privata;In marcia / fermata / arresto;Conducente;M;Illeso;0;;Non accertato;Inesploso
5311540;1;04/03/2021 18:05:00;Strada Urbana;VIALE CASTRO PRETORIO;all'intersezione semaforizzata con;VIA SAN MARTINO DELLA BATTAGLIA;VIA SAN MARTINO DELLA BATTAGLIA;;;Scontro laterale fra veicoli in marcia;Intersezione semaforizzata;Una carreggiata a doppio senso;Asciutto;Asfaltata;Verticale ed orizzontale;Sereno;Normale;Buona;;1;0;0;2;12.5054;41.9061;-1;1;Autovettura privata;In marcia / fermata / arresto;Passeggero;M;Illeso;0;;Non accertato;Inesploso
5311540;1;04/03/2021 18:05:00;Strada Urbana;VIALE CASTRO PRETORIO;all'intersezione semaforizzata con;VIA SAN MARTINO DELLA BATTAGLIA;VIA SAN MARTINO DELLA BATTAGLIA;;;Scontro laterale fra veicoli in marcia;Intersezione semaforizzata;Una carreggiata a doppio senso;Asciutto;Asfaltata;Verticale ed orizzontale;Sereno;Normale;Buona;;1;0;0;2;12.5054;41.9061;-1;2;Motociclo a solo;In marcia / fermata / arresto;Conducente;M;Rimandato;0;NON DECEDUTO;Non accertato;
5311597;17;05/03/2021 10:00:00;Strada Urbana;VIALE GIUSEPPE MAZZINI;all'intersezione con;VIA FULCIERI PAULUCCI DE CALBOLI;VIA FULCIERI PAULUCCI DE CALBOLI;;;Scontro frontale/laterale SX fra veicoli in marcia;Intersezione stradale segnalata;Due carreggiate;Asciutto;Asfaltata;Verticale;Sereno;Normale;Buona;;1;0;0;1;12.4614;41.9155;-1;1;Autovettura pubblica;In marcia / fermata / arresto;Conducente;M;Illeso;0;;;
5311597;17;05/03/2021 10:00:00;Strada Urbana;VIALE GIUSEPPE MAZZINI;all'intersezione con;VIA FULCIERI PAULUCCI DE CALBOLI;VIA FULCIERI PAULUCCI DE CALBOLI;;;Scontro frontale/laterale SX fra veicoli in marcia;Intersezione stradale segnalata;Due carreggiate;Asciutto;Asfaltata;Verticale;Sereno;Normale;Buona;;1;0;0;1;12.4614;41.9155;-1;2;Autovettura privata;In marcia / fermata / arresto;Conducente;M;Rimandato;0;NON DECEDUTO;;
5311679;12;05/03/2021 16:30:00;Strada Urbana;VIALE DELL'ASTRONOMIA;all'intersezione con;VIALE PASTEUR;VIALE PASTEUR;;;Scontro laterale fra veicoli in marcia;Intersezione stradale segnalata;Una carreggiata a doppio senso;Asciutto;Asfaltata;Verticale ed orizzontale;Nuvoloso;Normale;Buona;;0;0;0;3;12.4644;41.835;-1;1;Autovettura privata;In marcia / fermata / arresto;Conducente;M;Illeso;0;;Non accertato;Inesploso
5311679;12;05/03/2021 16:30:00;Strada Urbana;VIALE DELL'ASTRONOMIA;all'intersezione con;VIALE PASTEUR;VIALE PASTEUR;;;Scontro laterale fra veicoli in marcia;Intersezione stradale segnalata;Una carreggiata a doppio senso;Asciutto;Asfaltata;Verticale ed orizzontale;Nuvoloso;Normale;Buona;;0;0;0;3;12.4644;41.835;-1;1;Autovettura privata;In marcia / fermata / arresto;Passeggero;M;Illeso;0;;Non accertato;Inesploso
5311679;12;05/03/2021 16:30:00;Strada Urbana;VIALE DELL'ASTRONOMIA;all'intersezione con;VIALE PASTEUR;VIALE PASTEUR;;;Scontro laterale fra veicoli in marcia;Intersezione stradale segnalata;Una carreggiata a doppio senso;Asciutto;Asfaltata;Verticale ed orizzontale;Nuvoloso;Normale;Buona;;0;0;0;3;12.4644;41.835;-1;2;Motociclo a solo;In marcia / fermata / arresto;Conducente;M;Illeso;0;;Utilizzato;
5311690;17;05/03/2021 12:30:00;Strada Urbana;VIA ANGELO EMO;in prossimit�;;del civico n.;67;;Investimento di pedone;Rettilineo;Due carreggiate;Asciutto;Asfaltata;Verticale ed orizzontale;Nuvoloso;Normale;Buona;;1;0;0;2;12.4473;41.9048;-1;;;;Pedone;M;Rimandato;0;NON DECEDUTO;;
5311690;17;05/03/2021 12:30:00;Strada Urbana;VIA ANGELO EMO;in prossimit�;;del civico n.;67;;Investimento di pedone;Rettilineo;Due carreggiate;Asciutto;Asfaltata;Verticale ed orizzontale;Nuvoloso;Normale;Buona;;1;0;0;2;12.4473;41.9048;-1;1;Autovettura privata;In marcia / fermata / arresto;Conducente;F;Illeso;0;;;
5311690;17;05/03/2021 12:30:00;Strada Urbana;VIA ANGELO EMO;in prossimit�;;del civico n.;67;;Investimento di pedone;Rettilineo;Due carreggiate;Asciutto;Asfaltata;Verticale ed orizzontale;Nuvoloso;Normale;Buona;;1;0;0;2;12.4473;41.9048;-1;1;Autovettura privata;In marcia / fermata / arresto;Passeggero;M;Illeso;0;;;
5311809;3;05/03/2021 12:15:00;Strada Urbana;VIA CASERTA;in prossimit�;;del civico n.;5;;Veicolo in marcia contro veicolo fermo;Rettilineo;Una carreggiata a doppio senso;Asciutto;Asfaltata;Verticale ed orizzontale;Nuvoloso;Normale;Buona;;0;0;0;2;12.5128;41.909;-1;1;Autovettura privata;In marcia / fermata / arresto;Conducente;M;Illeso;0;;;
5311809;3;05/03/2021 12:15:00;Strada Urbana;VIA CASERTA;in prossimit�;;del civico n.;5;;Veicolo in marcia contro veicolo fermo;Rettilineo;Una carreggiata a doppio senso;Asciutto;Asfaltata;Verticale ed orizzontale;Nuvoloso;Normale;Buona;;0;0;0;2;12.5128;41.909;-1;2;Autocarro inferiore 35 q.;In marcia / fermata / arresto;Conducente;M;Illeso;0;;;
5311984;1;05/03/2021 19:30:00;Strada Urbana;CORSO VITTORIO EMANUELE II;in corrispondenza;;del civico n.;110;;Scontro frontale/laterale SX fra veicoli in marcia;Curva a visuale libera;Una carreggiata a doppio senso;Asciutto;Asfaltata;Verticale ed orizzontale;Sereno;Scarso;Buona;;1;0;0;1;12.4757;41.8963;-1;1;Autovettura privata;In marcia / fermata / arresto;Conducente;M;Illeso;0;;Non accertato;Inesploso
5311984;1;05/03/2021 19:30:00;Strada Urbana;CORSO VITTORIO EMANUELE II;in corrispondenza;;del civico n.;110;;Scontro frontale/laterale SX fra veicoli in marcia;Curva a visuale libera;Una carreggiata a doppio senso;Asciutto;Asfaltata;Verticale ed orizzontale;Sereno;Scarso;Buona;;1;0;0;1;12.4757;41.8963;-1;2;Velocipede;In marcia / fermata / arresto;Conducente;M;Ricoverato;0;NON DECEDUTO;Esente;
5311997;8;05/03/2021 17:30:00;Strada Urbana;VIA DELLE ALLODOLE;in corrispondenza;;del civico n.;36;;Scontro laterale fra veicoli in marcia;Rettilineo;Una carreggiata a senso unico di marcia;Asciutto;Asfaltata;Assente;Sereno;Normale;Buona;;0;0;0;3;12.5953;41.869;-1;1;Autovettura privata;In marcia / fermata / arresto;Conducente;M;Illeso;0;;Non accertato;Inesploso
5311997;8;05/03/2021 17:30:00;Strada Urbana;VIA DELLE ALLODOLE;in corrispondenza;;del civico n.;36;;Scontro laterale fra veicoli in marcia;Rettilineo;Una carreggiata a senso unico di marcia;Asciutto;Asfaltata;Assente;Sereno;Normale;Buona;;0;0;0;3;12.5953;41.869;-1;2;Autovettura privata;In marcia / fermata / arresto;Conducente;F;Illeso;0;;Non accertato;Inesploso
5311997;8;05/03/2021 17:30:00;Strada Urbana;VIA DELLE ALLODOLE;in corrispondenza;;del civico n.;36;;Scontro laterale fra veicoli in marcia;Rettilineo;Una carreggiata a senso unico di marcia;Asciutto;Asfaltata;Assente;Sereno;Normale;Buona;;0;0;0;3;12.5953;41.869;-1;2;Autovettura privata;In marcia / fermata / arresto;Passeggero;F;Illeso;0;;Non accertato;Inesploso
5312000;8;05/03/2021 16:15:00;Strada Urbana;VIA BOLOGNETTA;in corrispondenza;;del civico n.;70;;Scontro laterale fra veicoli in marcia;Rettilineo;Una carreggiata a doppio senso;Asciutto;Asfaltata;Orizzontale;Sereno;Normale;Buona;;0;0;0;4;12.683;41.8642;-1;1;Autovettura privata;In marcia / fermata / arresto;Conducente;M;Illeso;0;;Non accertato;Inesploso
5312000;8;05/03/2021 16:15:00;Strada Urbana;VIA BOLOGNETTA;in corrispondenza;;del civico n.;70;;Scontro laterale fra veicoli in marcia;Rettilineo;Una carreggiata a doppio senso;Asciutto;Asfaltata;Orizzontale;Sereno;Normale;Buona;;0;0;0;4;12.683;41.8642;-1;2;Autovettura privata;In marcia / fermata / arresto;Conducente;F;Illeso;0;;Non accertato;Inesploso
5312000;8;05/03/2021 16:15:00;Strada Urbana;VIA BOLOGNETTA;in corrispondenza;;del civico n.;70;;Scontro laterale fra veicoli in marcia;Rettilineo;Una carreggiata a doppio senso;Asciutto;Asfaltata;Orizzontale;Sereno;Normale;Buona;;0;0;0;4;12.683;41.8642;-1;2;Autovettura privata;In marcia / fermata / arresto;Passeggero;M;Illeso;0;;Non accertato;
5312000;8;05/03/2021 16:15:00;Strada Urbana;VIA BOLOGNETTA;in corrispondenza;;del civico n.;70;;Scontro laterale fra veicoli in marcia;Rettilineo;Una carreggiata a doppio senso;Asciutto;Asfaltata;Orizzontale;Sereno;Normale;Buona;;0;0;0;4;12.683;41.8642;-1;2;Autovettura privata;In marcia / fermata / arresto;Passeggero;F;Illeso;0;;Utilizzato;
5312003;8;05/03/2021 16:00:00;Strada Urbana;VIA GUGLIONESI;in corrispondenza;;del civico n.;35;;Veicolo in marcia contro veicolo in sosta;Rettilineo;Una carreggiata a doppio senso;Asciutto;Asfaltata;Assente;Sereno;Scarso;Buona;;0;0;0;1;12.6787;41.9159;-1;1;Autovettura privata;Sosta;;;;;;;
5312003;8;05/03/2021 16:00:00;Strada Urbana;VIA GUGLIONESI;in corrispondenza;;del civico n.;35;;Veicolo in marcia contro veicolo in sosta;Rettilineo;Una carreggiata a doppio senso;Asciutto;Asfaltata;Assente;Sereno;Scarso;Buona;;0;0;0;1;12.6787;41.9159;-1;2;Autocarro inferiore 35 q.;In marcia / fermata / arresto;Conducente;M;Illeso;0;;Non accertato;Inesploso
5312006;8;05/03/2021 17:30:00;Strada Urbana;VIA DEL TORRACCIO DI TORRENOVA;all'intersezione con;VIA FABRIZIO CHIARI;VIA FABRIZIO CHIARI;;;Scontro frontale/laterale SX fra veicoli in marcia;Incrocio;Una carreggiata a doppio senso;Asciutto;Asfaltata;Verticale;Sereno;Normale;Buona;;0;0;0;2;12.6259;41.8684;-1;1;Autovettura privata;In marcia / fermata / arresto;Conducente;M;Illeso;0;;Non accertato;Inesploso
5312006;8;05/03/2021 17:30:00;Strada Urbana;VIA DEL TORRACCIO DI TORRENOVA;all'intersezione con;VIA FABRIZIO CHIARI;VIA FABRIZIO CHIARI;;;Scontro frontale/laterale SX fra veicoli in marcia;Incrocio;Una carreggiata a doppio senso;Asciutto;Asfaltata;Verticale;Sereno;Normale;Buona;;0;0;0;2;12.6259;41.8684;-1;2;Autovettura privata;In marcia / fermata / arresto;Conducente;M;Illeso;0;;Non accertato;Inesploso
5312008;8;05/03/2021 18:50:00;Strada Urbana;VIA CASILINA;da specificare;;;;pross. GRA direz. Napoli;Tamponamento;Rettilineo;Una carreggiata a senso unico di marcia;Asciutto;Asfaltata;Verticale ed orizzontale;Sereno;Normale;Buona;;0;0;0;3;12.6011;41.8654;-1;1;Autovettura privata;In marcia / fermata / arresto;Conducente;M;Illeso;0;;Non accertato;Inesploso
5312008;8;05/03/2021 18:50:00;Strada Urbana;VIA CASILINA;da specificare;;;;pross. GRA direz. Napoli;Tamponamento;Rettilineo;Una carreggiata a senso unico di marcia;Asciutto;Asfaltata;Verticale ed orizzontale;Sereno;Normale;Buona;;0;0;0;3;12.6011;41.8654;-1;2;Autovettura privata;In marcia / fermata / arresto;Conducente;M;Illeso;0;;Non accertato;Inesploso
5312008;8;05/03/2021 18:50:00;Strada Urbana;VIA CASILINA;da specificare;;;;pross. GRA direz. Napoli;Tamponamento;Rettilineo;Una carreggiata a senso unico di marcia;Asciutto;Asfaltata;Verticale ed orizzontale;Sereno;Normale;Buona;;0;0;0;3;12.6011;41.8654;-1;2;Autovettura privata;In marcia / fermata / arresto;Passeggero;M;Illeso;0;;Non accertato;Inesploso
5312011;8;05/03/2021 14:45:00;Strada Urbana;VIA DEL TORRACCIO DI TORRENOVA;all'intersezione con;VIA JACOPO TORRITI;VIA JACOPO TORRITI;;;Scontro laterale fra veicoli in marcia;Incrocio;Una carreggiata a doppio senso;Asciutto;Asfaltata;Assente;Sereno;Normale;Buona;;0;0;0;3;12.6263;41.868;-1;1;Autovettura privata;In marcia / fermata / arresto;Conducente;M;Illeso;0;;Non accertato;Inesploso
5312011;8;05/03/2021 14:45:00;Strada Urbana;VIA DEL TORRACCIO DI TORRENOVA;all'intersezione con;VIA JACOPO TORRITI;VIA JACOPO TORRITI;;;Scontro laterale fra veicoli in marcia;Incrocio;Una carreggiata a doppio senso;Asciutto;Asfaltata;Assente;Sereno;Normale;Buona;;0;0;0;3;12.6263;41.868;-1;1;Autovettura privata;In marcia / fermata / arresto;Passeggero;M;Illeso;0;;Non accertato;Inesploso
5312011;8;05/03/2021 14:45:00;Strada Urbana;VIA DEL TORRACCIO DI TORRENOVA;all'intersezione con;VIA JACOPO TORRITI;VIA JACOPO TORRITI;;;Scontro laterale fra veicoli in marcia;Incrocio;Una carreggiata a doppio senso;Asciutto;Asfaltata;Assente;Sereno;Normale;Buona;;0;0;0;3;12.6263;41.868;-1;1;Autovettura privata;In marcia / fermata / arresto;Passeggero;F;Illeso;0;;Non accertato;Inesploso
5312011;8;05/03/2021 14:45:00;Strada Urbana;VIA DEL TORRACCIO DI TORRENOVA;all'intersezione con;VIA JACOPO TORRITI;VIA JACOPO TORRITI;;;Scontro laterale fra veicoli in marcia;Incrocio;Una carreggiata a doppio senso;Asciutto;Asfaltata;Assente;Sereno;Normale;Buona;;0;0;0;3;12.6263;41.868;-1;2;Motociclo a solo;Allontanatosi;;;;;;;
5312013;8;05/03/2021 17:30:00;;VIA CASILINA;da specificare;;;;altezza GRA;Scontro laterale fra veicoli in marcia;;;;;;;;;;0;0;0;2;12.6037;41.8652;0;1;Autovettura privata;In marcia / fermata / arresto;Conducente;M;Illeso;0;;;
5312013;8;05/03/2021 17:30:00;;VIA CASILINA;da specificare;;;;altezza GRA;Scontro laterale fra veicoli in marcia;;;;;;;;;;0;0;0;2;12.6037;41.8652;0;1;Autovettura privata;In marcia / fermata / arresto;Passeggero;M;Illeso;0;;;
5312013;8;05/03/2021 17:30:00;;VIA CASILINA;da specificare;;;;altezza GRA;Scontro laterale fra veicoli in marcia;;;;;;;;;;0;0;0;2;12.6037;41.8652;0;2;Autovettura privata;In marcia / fermata / arresto;;;;;;;
5312018;11;05/03/2021 10:50:00;Strada Urbana;VIA VIGGIANO;in prossimit�;;del civico n.;89;;Scontro laterale fra veicoli in marcia;Rettilineo;Una carreggiata a doppio senso;Asciutto;Con buche;Assente;Nuvoloso;Scarso;Buona;;0;0;0;2;12.5223;41.8312;-1;1;Autovettura privata;In marcia / fermata / arresto;Conducente;M;Illeso;0;;Non accertato;
5312018;11;05/03/2021 10:50:00;Strada Urbana;VIA VIGGIANO;in prossimit�;;del civico n.;89;;Scontro laterale fra veicoli in marcia;Rettilineo;Una carreggiata a doppio senso;Asciutto;Con buche;Assente;Nuvoloso;Scarso;Buona;;0;0;0;2;12.5223;41.8312;-1;2;Autocarro inferiore 35 q.;In marcia / fermata / arresto;Conducente;M;Illeso;0;;Non accertato;
5312030;15;05/03/2021 21:50:00;Strada Urbana;VIA PORTUENSE;all'intersezione con;VIA ALESSANDRO BRISSE;VIA ALESSANDRO BRISSE;;;Scontro frontale/laterale DX fra veicoli in marcia;Incrocio;Una carreggiata a doppio senso;Asciutto;Asfaltata;Verticale ed orizzontale;Sereno;Scarso;Buona;;1;0;0;1;12.414;41.8469;-1;1;Autovettura privata;In marcia / fermata / arresto;Conducente;M;Illeso;0;;;
5312030;15;05/03/2021 21:50:00;Strada Urbana;VIA PORTUENSE;all'intersezione con;VIA ALESSANDRO BRISSE;VIA ALESSANDRO BRISSE;;;Scontro frontale/laterale DX fra veicoli in marcia;Incrocio;Una carreggiata a doppio senso;Asciutto;Asfaltata;Verticale ed orizzontale;Sereno;Scarso;Buona;;1;0;0;1;12.414;41.8469;-1;2;Motociclo a solo;In marcia / fermata / arresto;Conducente;M;Rimandato;0;NON DECEDUTO;;
5312038;11;04/03/2021 18:45:00;Strada Urbana;VIALE GUGLIELMO MARCONI;all'intersezione semaforizzata con;VIA EFESO;VIA EFESO;;;Scontro frontale/laterale DX fra veicoli in marcia;Incrocio;Due carreggiate;Asciutto;Asfaltata;Verticale ed orizzontale;Sereno;Intenso;Buona;;1;0;0;1;12.4726;41.8539;-1;1;Autovettura privata;In marcia / fermata / arresto;Conducente;F;Illeso;0;;Non accertato;
5312038;11;04/03/2021 18:45:00;Strada Urbana;VIALE GUGLIELMO MARCONI;all'intersezione semaforizzata con;VIA EFESO;VIA EFESO;;;Scontro frontale/laterale DX fra veicoli in marcia;Incrocio;Due carreggiate;Asciutto;Asfaltata;Verticale ed orizzontale;Sereno;Intenso;Buona;;1;0;0;1;12.4726;41.8539;-1;2;Autovettura privata;In marcia / fermata / arresto;Conducente;M;Rimandato;0;NON DECEDUTO;Non accertato;
5312061;11;05/03/2021 09:45:00;Strada Urbana;VIA DI VIGNA MURATA;all'intersezione con;VIA DEL COLLE DI MEZZO;VIA DEL COLLE DI MEZZO;;;Scontro laterale fra veicoli in marcia;Incrocio;Due carreggiate;Asciutto;Asfaltata;Verticale ed orizzontale;Nuvoloso;Normale;Buona;;1;0;0;1;12.4987;41.8263;-1;1;Autovettura privata;In marcia / fermata / arresto;Conducente;F;Illeso;0;;Non accertato;Inesploso
5312061;11;05/03/2021 09:45:00;Strada Urbana;VIA DI VIGNA MURATA;all'intersezione con;VIA DEL COLLE DI MEZZO;VIA DEL COLLE DI MEZZO;;;Scontro laterale fra veicoli in marcia;Incrocio;Due carreggiate;Asciutto;Asfaltata;Verticale ed orizzontale;Nuvoloso;Normale;Buona;;1;0;0;1;12.4987;41.8263;-1;2;Motociclo a solo;In marcia / fermata / arresto;Conducente;M;Rimandato;0;NON DECEDUTO;Non accertato;
5312064;20;05/03/2021 10:20:00;Strada Urbana;VIA GIUSEPPE PECCHIO;da specificare;;;;altezza via Borgatti;Veicolo in marcia contro veicolo in sosta;Curva a visuale libera;Una carreggiata a senso unico di marcia;Asciutto;Asfaltata;Verticale ed orizzontale;Sereno;Normale;Buona;;0;0;0;1;12.4699;41.9464;-1;1;Autocarro inferiore 35 q.;In marcia / fermata / arresto;Conducente;M;Illeso;0;;Non accertato;Inesploso
5312064;20;05/03/2021 10:20:00;Strada Urbana;VIA GIUSEPPE PECCHIO;da specificare;;;;altezza via Borgatti;Veicolo in marcia contro veicolo in sosta;Curva a visuale libera;Una carreggiata a senso unico di marcia;Asciutto;Asfaltata;Verticale ed orizzontale;Sereno;Normale;Buona;;0;0;0;1;12.4699;41.9464;-1;2;Autovettura privata;Sosta;;;;;;;
5312072;10;05/03/2021 20:20:00;Strada Urbana;VIA DI TOR VERGATA;da specificare;;;;prossimit� via Hippolyte Adolphe Taine;Scontro frontale fra veicoli in marcia;Rettilineo;Una carreggiata a doppio senso;Asciutto;Asfaltata;Verticale ed orizzontale;Sereno;Normale;Sufficiente;;1;0;0;1;12.6226;41.8468;-1;1;Autovettura privata;In marcia / fermata / arresto;Conducente;M;Rimandato;0;NON DECEDUTO;Non accertato;Inesploso
5312072;10;05/03/2021 20:20:00;Strada Urbana;VIA DI TOR VERGATA;da specificare;;;;prossimit� via Hippolyte Adolphe Taine;Scontro frontale fra veicoli in marcia;Rettilineo;Una carreggiata a doppio senso;Asciutto;Asfaltata;Verticale ed orizzontale;Sereno;Normale;Sufficiente;;1;0;0;1;12.6226;41.8468;-1;2;Autovettura privata;In marcia / fermata / arresto;Conducente;M;Illeso;0;;Non accertato;Esploso
5312077;1;05/03/2021 10:24:00;Strada Urbana;PIAZZALE OSTIENSE;all'intersezione con;VIALE DI PORTA ARDEATINA;VIALE DI PORTA ARDEATINA;;;Tamponamento;Rotatoria;Una carreggiata a senso unico di marcia;Asciutto;Asfaltata;Verticale ed orizzontale;Sereno;Normale;Buona;;1;0;0;1;12.4819;41.8763;-1;1;Autovettura privata;In marcia / fermata / arresto;Conducente;M;Rifiuta cure immediate;0;NON DECEDUTO;;
5312077;1;05/03/2021 10:24:00;Strada Urbana;PIAZZALE OSTIENSE;all'intersezione con;VIALE DI PORTA ARDEATINA;VIALE DI PORTA ARDEATINA;;;Tamponamento;Rotatoria;Una carreggiata a senso unico di marcia;Asciutto;Asfaltata;Verticale ed orizzontale;Sereno;Normale;Buona;;1;0;0;1;12.4819;41.8763;-1;2;Autovettura privata;In marcia / fermata / arresto;Conducente;M;Illeso;0;;;
5312085;11;05/03/2021 12:55:00;Strada Urbana;VIA ARDEATINA;da specificare;;;;in prossi,mit� di Via G. A. Sartorio;Scontro laterale fra veicoli in marcia;Rettilineo;Una carreggiata a doppio senso;Asciutto;Asfaltata;Verticale ed orizzontale;Nuvoloso;Normale;Buona;;0;0;0;2;12.5136;41.853;-1;1;Autovettura privata;In marcia / fermata / arresto;Conducente;M;Illeso;0;;Non accertato;
5312085;11;05/03/2021 12:55:00;Strada Urbana;VIA ARDEATINA;da specificare;;;;in prossi,mit� di Via G. A. Sartorio;Scontro laterale fra veicoli in marcia;Rettilineo;Una carreggiata a doppio senso;Asciutto;Asfaltata;Verticale ed orizzontale;Nuvoloso;Normale;Buona;;0;0;0;2;12.5136;41.853;-1;2;Autovettura privata;In marcia / fermata / arresto;Conducente;F;Illeso;0;;Non accertato;
5312119;10;04/03/2021 19:00:00;Strada Urbana;VIA FABIO RULLIANO;in corrispondenza;;del civico n.;28/30;;Veicolo in marcia contro veicoli in sosta;Rettilineo;Una carreggiata a senso unico di marcia;Asciutto;Asfaltata;Verticale ed orizzontale;Sereno;Normale;Sufficiente;;0;0;0;1;12.5608;41.859;-1;1;Autovettura privata;In marcia / fermata / arresto;Conducente;M;Illeso;0;;Non accertato;Inesploso
5312119;10;04/03/2021 19:00:00;Strada Urbana;VIA FABIO RULLIANO;in corrispondenza;;del civico n.;28/30;;Veicolo in marcia contro veicoli in sosta;Rettilineo;Una carreggiata a senso unico di marcia;Asciutto;Asfaltata;Verticale ed orizzontale;Sereno;Normale;Sufficiente;;0;0;0;1;12.5608;41.859;-1;2;Autovettura privata;Sosta;;;;;;;
5312141;10;05/03/2021 14:15:00;Strada Urbana;CIRCONVALLAZIONE ORIENTALE;in prossimit�;;del civico n.;4721;;Tamponamento;Rettilineo;Una carreggiata a senso unico di marcia;Asciutto;Asfaltata;Verticale ed orizzontale;Sereno;Normale;Buona;;0;0;0;2;12.5828;41.8256;-1;1;Autovettura privata;In marcia / fermata / arresto;Conducente;M;Illeso;0;;Non accertato;Inesploso
5312141;10;05/03/2021 14:15:00;Strada Urbana;CIRCONVALLAZIONE ORIENTALE;in prossimit�;;del civico n.;4721;;Tamponamento;Rettilineo;Una carreggiata a senso unico di marcia;Asciutto;Asfaltata;Verticale ed orizzontale;Sereno;Normale;Buona;;0;0;0;2;12.5828;41.8256;-1;2;Autocarro inferiore 35 q.;In marcia / fermata / arresto;Conducente;M;Illeso;0;;Non accertato;Inesploso
5312197;19;05/03/2021 17:50:00;Strada Urbana;VIALE DELLE MEDAGLIE D'ORO;all'intersezione con;VIA DUCCIO GALIMBERTI;VIA DUCCIO GALIMBERTI;;;Scontro frontale/laterale SX fra veicoli in marcia;Incrocio;Una carreggiata a doppio senso;Asciutto;Asfaltata;Verticale ed orizzontale;Sereno;Normale;Buona;;1;0;0;1;12.4463;41.9103;-1;1;Autovettura privata;In marcia / fermata / arresto;Conducente;F;Illeso;0;;;
5312197;19;05/03/2021 17:50:00;Strada Urbana;VIALE DELLE MEDAGLIE D'ORO;all'intersezione con;VIA DUCCIO GALIMBERTI;VIA DUCCIO GALIMBERTI;;;Scontro frontale/laterale SX fra veicoli in marcia;Incrocio;Una carreggiata a doppio senso;Asciutto;Asfaltata;Verticale ed orizzontale;Sereno;Normale;Buona;;1;0;0;1;12.4463;41.9103;-1;2;Motociclo a solo;In marcia / fermata / arresto;Conducente;M;Ricoverato;0;NON DECEDUTO;;
5312245;7;06/03/2021 00:01:00;Strada Urbana;VIALE GIORGIO MORANDI;in corrispondenza;;del civico n.;52;;Veicolo in marcia contro veicolo in sosta;Rettilineo;Una carreggiata a senso unico di marcia;Bagnato (umidit� in atto);Asfaltata;Verticale ed orizzontale;Nuvoloso;Scarso;Buona;;0;0;0;0;12.5847;41.8968;-1;1;Veicolo ignoto perch� FUGA;Allontanatosi;;;;;;;
5312245;7;06/03/2021 00:01:00;Strada Urbana;VIALE GIORGIO MORANDI;in corrispondenza;;del civico n.;52;;Veicolo in marcia contro veicolo in sosta;Rettilineo;Una carreggiata a senso unico di marcia;Bagnato (umidit� in atto);Asfaltata;Verticale ed orizzontale;Nuvoloso;Scarso;Buona;;0;0;0;0;12.5847;41.8968;-1;2;Autovettura privata;Sosta;;;;;;;
5312289;15;05/03/2021 18:50:00;Strada Urbana;VIA DELLA MAGLIANA;in corrispondenza;;del civico n.;181;;Scontro laterale fra veicoli in marcia;Rettilineo;Una carreggiata a doppio senso;Asciutto;Asfaltata;Orizzontale;Sereno;Normale;Sufficiente;;0;0;0;3;12.4592;41.8511;-1;1;Autovettura privata;In marcia / fermata / arresto;Conducente;M;Illeso;0;;Non accertato;Inesploso
5312289;15;05/03/2021 18:50:00;Strada Urbana;VIA DELLA MAGLIANA;in corrispondenza;;del civico n.;181;;Scontro laterale fra veicoli in marcia;Rettilineo;Una carreggiata a doppio senso;Asciutto;Asfaltata;Orizzontale;Sereno;Normale;Sufficiente;;0;0;0;3;12.4592;41.8511;-1;1;Autovettura privata;In marcia / fermata / arresto;Passeggero;F;Illeso;0;;Non accertato;Inesploso