Protocollo;Gruppo;DataOraIncidente;Localizzazione1;STRADA1;Localizzazione2;STRADA2;Strada02;Chilometrica;DaSpecificare;NaturaIncidente;particolaritastrade;TipoStrada;FondoStradale;Pavimentazione;Segnaletica;CondizioneAtmosferica;Traffico;Visibilita;Illuminazione;NUM_FERITI;NUM_RISERVATA;NUM_MORTI;NUM_ILLESI;Longitudine;Latitudine;Confermato;Progressivo;TipoVeicolo;StatoVeicolo;TipoPersona;Sesso;Tipolesione;Deceduto;DecedutoDopo;CinturaCascoUtilizzato;Airbag;
5314160;9;07/03/2021 16:35:00;Strada Urbana;VIA PONTREMOLI;all'intersezione con;VIA URBINO;VIA URBINO;;;Scontro frontale/laterale SX fra veicoli in marcia;Incrocio;Una carreggiata a senso unico di marcia;Asciutto;Asfaltata;Verticale ed orizzontale;Nuvoloso;Scarso;Buona;;1;0;0;2;12.5116;41.8847;-1;2;Autovettura privata;In marcia / fermata / arresto;Passeggero;F;Illeso;0;;Non accertato;Inesploso
5314160;9;07/03/2021 16:35:00;Strada Urbana;VIA PONTREMOLI;all'intersezione con;VIA URBINO;VIA URBINO;;;Scontro frontale/laterale SX fra veicoli in marcia;Incrocio;Una carreggiata a senso unico di marcia;Asciutto;Asfaltata;Verticale ed orizzontale;Nuvoloso;Scarso;Buona;;1;0;0;2;12.5116;41.8847;-1;3;Autovettura privata;Sosta;;;;;;;
5314162;1;07/03/2021 15:45:00;Strada Urbana;VIA CAVOUR;all'intersezione con;PIAZZA DELL'ESQUILINO;PIAZZA DELL'ESQUILINO;;;Scontro laterale fra veicoli in marcia;Incrocio;Una carreggiata a doppio senso;Asciutto;Asfaltata;Verticale ed orizzontale;Nuvoloso;Normale;Buona;;0;0;0;2;12.497;41.8982;-1;1;Autovettura privata;In marcia / fermata / arresto;Conducente;M;Illeso;0;;Non accertato;Inesploso
5314162;1;07/03/2021 15:45:00;Strada Urbana;VIA CAVOUR;all'intersezione con;PIAZZA DELL'ESQUILINO;PIAZZA DELL'ESQUILINO;;;Scontro laterale fra veicoli in marcia;Incrocio;Una carreggiata a doppio senso;Asciutto;Asfaltata;Verticale ed orizzontale;Nuvoloso;Normale;Buona;;0;0;0;2;12.497;41.8982;-1;2;Motociclo a solo;In marcia / fermata / arresto;Conducente;M;Illeso;0;;Non accertato;
5314165;7;06/03/2021 12:30:00;Strada Urbana;LARGO DELLA PRIMAVERA;in corrispondenza;;del civico n.;11;;Tamponamento;Rettilineo;Una carreggiata a senso unico di marcia;Asciutto;Asfaltata;Verticale ed orizzontale;Nuvoloso;Normale;Buona;;0;0;0;2;12.5617;41.8877;-1;1;Autovettura privata;In marcia / fermata / arresto;Conducente;F;Illeso;0;;;Inesploso
5314165;7;06/03/2021 12:30:00;Strada Urbana;LARGO DELLA PRIMAVERA;in corrispondenza;;del civico n.;11;;Tamponamento;Rettilineo;Una carreggiata a senso unico di marcia;Asciutto;Asfaltata;Verticale ed orizzontale;Nuvoloso;Normale;Buona;;0;0;0;2;12.5617;41.8877;-1;2;Autovettura privata;In marcia / fermata / arresto;Conducente;M;Illeso;0;;;
5314166;6;07/03/2021 23:30:00;Strada Urbana;VIA DI TOR PIGNATTARA;all'intersezione con;VIA DEGLI ANGELI;VIA DEGLI ANGELI;;;Scontro frontale/laterale SX fra veicoli in marcia;Incrocio;Una carreggiata a doppio senso;Bagnato (pioggia);Asfaltata;Verticale ed orizzontale;Pioggia in atto;Scarso;Sufficiente;;0;0;0;2;12.5412;41.8742;-1;2;Autovettura privata;In marcia / fermata / arresto;Conducente;M;Illeso;0;;Non accertato;Inesploso
5314166;6;07/03/2021 23:30:00;Strada Urbana;VIA DI TOR PIGNATTARA;all'intersezione con;VIA DEGLI ANGELI;VIA DEGLI ANGELI;;;Scontro frontale/laterale SX fra veicoli in marcia;Incrocio;Una carreggiata a doppio senso;Bagnato (pioggia);Asfaltata;Verticale ed orizzontale;Pioggia in atto;Scarso;Sufficiente;;0;0;0;2;12.5412;41.8742;-1;2;Autovettura privata;In marcia / fermata / arresto;Passeggero;M;Illeso;0;;Non accertato;Inesploso
5314170;20;07/03/2021 19:10:00;Strada Urbana;VIA FLAMINIA;in corrispondenza;;del civico n.;1172;;Scontro frontale/laterale SX fra veicoli in marcia;Curva a visuale libera;Una carreggiata a doppio senso;Bagnato (pioggia);Asfaltata;Verticale ed orizzontale;Pioggia in atto;Normale;Insufficiente;;0;0;0;2;12.4944;41.9869;-1;1;Autovettura privata;In marcia / fermata / arresto;Conducente;M;Illeso;0;;Non accertato;
5314170;20;07/03/2021 19:10:00;Strada Urbana;VIA FLAMINIA;in corrispondenza;;del civico n.;1172;;Scontro frontale/laterale SX fra veicoli in marcia;Curva a visuale libera;Una carreggiata a doppio senso;Bagnato (pioggia);Asfaltata;Verticale ed orizzontale;Pioggia in atto;Normale;Insufficiente;;0;0;0;2;12.4944;41.9869;-1;2;Autovettura privata;In marcia / fermata / arresto;Conducente;M;Illeso;0;;Non accertato;
5314171;20;07/03/2021 07:50:00;Strada Urbana;VIALE DI TOR DI QUINTO;da specificare;;;;FRONTE CIV. 173;Fuoriuscita dalla sede stradale;Curva a visuale libera;Una carreggiata a senso unico di marcia;Bagnato (pioggia);Asfaltata;Verticale ed orizzontale;Nuvoloso;Normale;Buona;;0;0;0;1;12.4847;41.9502;-1;1;Autovettura privata;In marcia / fermata / arresto;Conducente;F;Illeso;0;;;Esploso
5314176;5;05/03/2021 11:45:00;Strada Urbana;VIA FABRIANO;all'intersezione con;VIA FIUMINATA;VIA FIUMINATA;;;Scontro frontale/laterale SX fra veicoli in marcia;Incrocio;Una carreggiata a doppio senso;Asciutto;Asfaltata;Verticale ed orizzontale;Nuvoloso;Normale;Buona;;1;0;0;1;12.5835;41.94;-1;1;Autovettura privata;In marcia / fermata / arresto;Conducente;M;Illeso;0;;Non accertato;
5314176;5;05/03/2021 11:45:00;Strada Urbana;VIA FABRIANO;all'intersezione con;VIA FIUMINATA;VIA FIUMINATA;;;Scontro frontale/laterale SX fra veicoli in marcia;Incrocio;Una carreggiata a doppio senso;Asciutto;Asfaltata;Verticale ed orizzontale;Nuvoloso;Normale;Buona;;1;0;0;1;12.5835;41.94;-1;2;Autovettura privata;In marcia / fermata / arresto;Conducente;M;Rimandato;0;NON DECEDUTO;Non accertato;
5314182;8;07/03/2021 11:10:00;Strada Urbana;VIA ULASSAI;in corrispondenza;;del civico n.;92;;Scontro frontale/laterale DX fra veicoli in marcia;Rettilineo;Una carreggiata a doppio senso;Asciutto;Asfaltata;Verticale;Nuvoloso;Scarso;Buona;;1;0;0;4;12.696;41.8805;-1;1;Autovettura privata;In marcia / fermata / arresto;Conducente;M;Illeso;0;;Non accertato;Inesploso
5314182;8;07/03/2021 11:10:00;Strada Urbana;VIA ULASSAI;in corrispondenza;;del civico n.;92;;Scontro frontale/laterale DX fra veicoli in marcia;Rettilineo;Una carreggiata a doppio senso;Asciutto;Asfaltata;Verticale;Nuvoloso;Scarso;Buona;;1;0;0;4;12.696;41.8805;-1;1;Autovettura privata;In marcia / fermata / arresto;Passeggero;F;Rifiuta cure immediate;0;NON DECEDUTO;Non accertato;Inesploso
5314182;8;07/03/2021 11:10:00;Strada Urbana;VIA ULASSAI;in corrispondenza;;del civico n.;92;;Scontro frontale/laterale DX fra veicoli in marcia;Rettilineo;Una carreggiata a doppio senso;Asciutto;Asfaltata;Verticale;Nuvoloso;Scarso;Buona;;1;0;0;4;12.696;41.8805;-1;1;Autovettura privata;In marcia / fermata / arresto;Passeggero;F;Illeso;0;;Non accertato;Inesploso
5314182;8;07/03/2021 11:10:00;Strada Urbana;VIA ULASSAI;in corrispondenza;;del civico n.;92;;Scontro frontale/laterale DX fra veicoli in marcia;Rettilineo;Una carreggiata a doppio senso;Asciutto;Asfaltata;Verticale;Nuvoloso;Scarso;Buona;;1;0;0;4;12.696;41.8805;-1;2;Autovettura privata;In marcia / fermata / arresto;Conducente;F;Illeso;0;;Non accertato;Inesploso
5314182;8;07/03/2021 11:10:00;Strada Urbana;VIA ULASSAI;in corrispondenza;;del civico n.;92;;Scontro frontale/laterale DX fra veicoli in marcia;Rettilineo;Una carreggiata a doppio senso;Asciutto;Asfaltata;Verticale;Nuvoloso;Scarso;Buona;;1;0;0;4;12.696;41.8805;-1;2;Autovettura privata;In marcia / fermata / arresto;Passeggero;F;Illeso;0;;Non accertato;Inesploso
5314183;12;06/03/2021 11:17:00;Altra strada;VIA LAURENTINA;da specificare;;;;Santuario Madonna Tre Fontane(parcheggio interno);Tamponamento;Rettilineo;Una carreggiata a doppio senso;Asciutto;Asfaltata;Verticale ed orizzontale;Nuvoloso;Scarso;Buona;;0;0;0;4;12.4856;41.8103;-1;1;Autovettura privata;In marcia / fermata / arresto;Conducente;F;Illeso;0;;Utilizzato;Inesploso
5314183;12;06/03/2021 11:17:00;Altra strada;VIA LAURENTINA;da specificare;;;;Santuario Madonna Tre Fontane(parcheggio interno);Tamponamento;Rettilineo;Una carreggiata a doppio senso;Asciutto;Asfaltata;Verticale ed orizzontale;Nuvoloso;Scarso;Buona;;0;0;0;4;12.4856;41.8103;-1;1;Autovettura privata;In marcia / fermata / arresto;Passeggero;F;Illeso;0;;Utilizzato;Inesploso
5314183;12;06/03/2021 11:17:00;Altra strada;VIA LAURENTINA;da specificare;;;;Santuario Madonna Tre Fontane(parcheggio interno);Tamponamento;Rettilineo;Una carreggiata a doppio senso;Asciutto;Asfaltata;Verticale ed orizzontale;Nuvoloso;Scarso;Buona;;0;0;0;4;12.4856;41.8103;-1;2;Autovettura privata;In marcia / fermata / arresto;Conducente;M;Illeso;0;;Utilizzato;Inesploso
5314183;12;06/03/2021 11:17:00;Altra strada;VIA LAURENTINA;da specificare;;;;Santuario Madonna Tre Fontane(parcheggio interno);Tamponamento;Rettilineo;Una carreggiata a doppio senso;Asciutto;Asfaltata;Verticale ed orizzontale;Nuvoloso;Scarso;Buona;;0;0;0;4;12.4856;41.8103;-1;2;Autovettura privata;In marcia / fermata / arresto;Passeggero;F;Illeso;0;;Utilizzato;Inesploso
5314185;20;07/03/2021 16:40:00;Strada Urbana;VIA VILFREDO PARETO;da specificare;;;;pross.t� Via Cassia Nuova (L.go Saraceno);Tamponamento;Rettilineo;Una carreggiata a doppio senso;Bagnato (pioggia);Asfaltata;Verticale ed orizzontale;Pioggia in atto;Intenso;Buona;;0;0;0;2;12.4686;41.9503;-1;1;Autovettura privata;In marcia / fermata / arresto;Conducente;M;Illeso;0;;;
5314185;20;07/03/2021 16:40:00;Strada Urbana;VIA VILFREDO PARETO;da specificare;;;;pross.t� Via Cassia Nuova (L.go Saraceno);Tamponamento;Rettilineo;Una carreggiata a doppio senso;Bagnato (pioggia);Asfaltata;Verticale ed orizzontale;Pioggia in atto;Intenso;Buona;;0;0;0;2;12.4686;41.9503;-1;2;Autovettura privata;In marcia / fermata / arresto;Conducente;M;Illeso;0;;;
5314191;10;07/03/2021 17:30:00;Strada Urbana;VIALE PALMIRO TOGLIATTI;all'intersezione con;VIA CONTARDO FERRINI;VIA CONTARDO FERRINI;;;Veicolo in marcia contro veicoli in sosta;Incrocio;Due carreggiate;Asciutto;Asfaltata;Verticale ed orizzontale;Sereno;Intenso;Buona;;0;0;0;1;12.5712;41.8573;-1;1;Autovettura privata;In marcia / fermata / arresto;Conducente;M;Illeso;0;;Non accertato;Inesploso
5314191;10;07/03/2021 17:30:00;Strada Urbana;VIALE PALMIRO TOGLIATTI;all'intersezione con;VIA CONTARDO FERRINI;VIA CONTARDO FERRINI;;;Veicolo in marcia contro veicoli in sosta;Incrocio;Due carreggiate;Asciutto;Asfaltata;Verticale ed orizzontale;Sereno;Intenso;Buona;;0;0;0;1;12.5712;41.8573;-1;2;Autovettura privata;Sosta;;;;;;;
5314191;10;07/03/2021 17:30:00;Strada Urbana;VIALE PALMIRO TOGLIATTI;all'intersezione con;VIA CONTARDO FERRINI;VIA CONTARDO FERRINI;;;Veicolo in marcia contro veicoli in sosta;Incrocio;Due carreggiate;Asciutto;Asfaltata;Verticale ed orizzontale;Sereno;Intenso;Buona;;0;0;0;1;12.5712;41.8573;-1;3;Autovettura privata;Sosta;;;;;;;
5314191;10;07/03/2021 17:30:00;Strada Urbana;VIALE PALMIRO TOGLIATTI;all'intersezione con;VIA CONTARDO FERRINI;VIA CONTARDO FERRINI;;;Veicolo in marcia contro veicoli in sosta;Incrocio;Due carreggiate;Asciutto;Asfaltata;Verticale ed orizzontale;Sereno;Intenso;Buona;;0;0;0;1;12.5712;41.8573;-1;4;Autovettura privata;Sosta;;;;;;;
5314191;10;07/03/2021 17:30:00;Strada Urbana;VIALE PALMIRO TOGLIATTI;all'intersezione con;VIA CONTARDO FERRINI;VIA CONTARDO FERRINI;;;Veicolo in marcia contro veicoli in sosta;Incrocio;Due carreggiate;Asciutto;Asfaltata;Verticale ed orizzontale;Sereno;Intenso;Buona;;0;0;0;1;12.5712;41.8573;-1;5;Autovettura privata;Sosta;;;;;;;
5314192;9;07/03/2021 20:30:00;Strada Urbana;VIALE CASTRENSE;da specificare;;;;prossimit� fronte casalmaggiore;Tamponamento;Rettilineo;Pi� di due carreggiate;Bagnato (umidit� in atto);Asfaltata;Verticale ed orizzontale;Nuvoloso;Normale;Buona;;0;0;0;2;12.5151;41.8872;-1;1;Autovettura privata;In marcia / fermata / arresto;Conducente;M;Illeso;0;;Non accertato;Inesploso
5314192;9;07/03/2021 20:30:00;Strada Urbana;VIALE CASTRENSE;da specificare;;;;prossimit� fronte casalmaggiore;Tamponamento;Rettilineo;Pi� di due carreggiate;Bagnato (umidit� in atto);Asfaltata;Verticale ed orizzontale;Nuvoloso;Normale;Buona;;0;0;0;2;12.5151;41.8872;-1;2;Autovettura privata;In marcia / fermata / arresto;Conducente;M;Illeso;0;;Non accertato;Inesploso
5314196;5;05/03/2021 02:05:00;Strada Urbana;VIALE MARX;in prossimit�;;del civico n.;119;;Scontro laterale fra veicoli in marcia;Rettilineo;Due carreggiate;Asciutto;Asfaltata;Assente;Sereno;Normale;Buona;;0;0;0;2;12.5577;41.9368;-1;1;Autovettura privata;In marcia / fermata / arresto;Conducente;M;Illeso;0;;Non accertato;
5314196;5;05/03/2021 02:05:00;Strada Urbana;VIALE MARX;in prossimit�;;del civico n.;119;;Scontro laterale fra veicoli in marcia;Rettilineo;Due carreggiate;Asciutto;Asfaltata;Assente;Sereno;Normale;Buona;;0;0;0;2;12.5577;41.9368;-1;2;Velocipede;In marcia / fermata / arresto;Conducente;M;Illeso;0;;Esente;
5314203;4;06/03/2021 12:15:00;Strada Urbana;VIA DEL MONTE DI CASA;in prossimit�;;del civico n.;38;;Veicolo in marcia contro ostacolo accidentale;Curva senza visuale libera;Una carreggiata a doppio senso;Asciutto;Asfaltata;Assente;Nuvoloso;Scarso;Buona;;0;0;0;1;12.5199;41.9898;-1;1;Autovettura privata;In marcia / fermata / arresto;Conducente;M;Illeso;0;;Non accertato;
5314204;5;06/03/2021 16:20:00;Strada Urbana;VIA FRANCESCO SELMI;all'intersezione con;VIA CELSO ULPIANI;VIA CELSO ULPIANI;;;Scontro frontale/laterale SX fra veicoli in marcia;Incrocio;Una carreggiata a senso unico di marcia;Bagnato (pioggia);Asfaltata;Verticale;Pioggia in atto;Scarso;Buona;;0;0;0;3;12.5702;41.9305;-1;1;Autocarro inferiore 35 q.;In marcia / fermata / arresto;Conducente;M;Illeso;0;;Non accertato;
5314204;5;06/03/2021 16:20:00;Strada Urbana;VIA FRANCESCO SELMI;all'intersezione con;VIA CELSO ULPIANI;VIA CELSO ULPIANI;;;Scontro frontale/laterale SX fra veicoli in marcia;Incrocio;Una carreggiata a senso unico di marcia;Bagnato (pioggia);Asfaltata;Verticale;Pioggia in atto;Scarso;Buona;;0;0;0;3;12.5702;41.9305;-1;2;Autovettura privata;In marcia / fermata / arresto;Conducente;M;Illeso;0;;Non accertato;Inesploso
5314204;5;06/03/2021 16:20:00;Strada Urbana;VIA FRANCESCO SELMI;all'intersezione con;VIA CELSO ULPIANI;VIA CELSO ULPIANI;;;Scontro frontale/laterale SX fra veicoli in marcia;Incrocio;Una carreggiata a senso unico di marcia;Bagnato (pioggia);Asfaltata;Verticale;Pioggia in atto;Scarso;Buona;;0;0;0;3;12.5702;41.9305;-1;2;Autovettura privata;In marcia / fermata / arresto;Passeggero;M;Illeso;0;;Non accertato;Inesploso
5314205;9;07/03/2021 21:40:00;;VIA NOLA;all'intersezione semaforizzata con;VIA LA SPEZIA;VIA LA SPEZIA;;;Scontro laterale fra veicoli in marcia;;;;;;;;;;0;0;0;2;;;0;1;Autovettura privata;In marcia / fermata / arresto;Conducente;M;Illeso;0;;;
5314205;9;07/03/2021 21:40:00;;VIA NOLA;all'intersezione semaforizzata con;VIA LA SPEZIA;VIA LA SPEZIA;;;Scontro laterale fra veicoli in marcia;;;;;;;;;;0;0;0;2;;;0;2;Autovettura privata;In marcia / fermata / arresto;Conducente;M;Illeso;0;;;
5314213;2;07/03/2021 19:50:00;Strada Urbana;PIAZZA GIMMA;all'intersezione con;VIALE LIBIA;VIALE LIBIA;;;Veicolo in marcia contro veicolo arresto;Incrocio;Due carreggiate;Bagnato (pioggia);Asfaltata;Verticale ed orizzontale;Pioggia in atto;Normale;Sufficiente;;1;0;0;2;12.518;41.9306;-1;1;Autovettura privata;In marcia / fermata / arresto;Conducente;M;Illeso;0;;;
5314213;2;07/03/2021 19:50:00;Strada Urbana;PIAZZA GIMMA;all'intersezione con;VIALE LIBIA;VIALE LIBIA;;;Veicolo in marcia contro veicolo arresto;Incrocio;Due carreggiate;Bagnato (pioggia);Asfaltata;Verticale ed orizzontale;Pioggia in atto;Normale;Sufficiente;;1;0;0;2;12.518;41.9306;-1;2;Autovettura privata;In marcia / fermata / arresto;Conducente;M;Illeso;0;;;
5314213;2;07/03/2021 19:50:00;Strada Urbana;PIAZZA GIMMA;all'intersezione con;VIALE LIBIA;VIALE LIBIA;;;Veicolo in marcia contro veicolo arresto;Incrocio;Due carreggiate;Bagnato (pioggia);Asfaltata;Verticale ed orizzontale;Pioggia in atto;Normale;Sufficiente;;1;0;0;2;12.518;41.9306;-1;3;Motociclo a solo;In marcia / fermata / arresto;Conducente;M;Rimandato;0;NON DECEDUTO;;
5314216;7;08/03/2021 05:40:00;Strada Urbana;VIA COLLATINA;all'intersezione con;VIALE PALMIRO TOGLIATTI;VIALE PALMIRO TOGLIATTI;;;Scontro frontale/laterale SX fra veicoli in marcia;Intersezione stradale segnalata;Una carreggiata a doppio senso;Asciutto;Asfaltata;Verticale ed orizzontale;Sereno;Scarso;Sufficiente;;1;0;0;2;12.5751;41.903;-1;1;Autovettura privata;In marcia / fermata / arresto;Conducente;M;Rimandato;0;NON DECEDUTO;;
5314216;7;08/03/2021 05:40:00;Strada Urbana;VIA COLLATINA;all'intersezione con;VIALE PALMIRO TOGLIATTI;VIALE PALMIRO TOGLIATTI;;;Scontro frontale/laterale SX fra veicoli in marcia;Intersezione stradale segnalata;Una carreggiata a doppio senso;Asciutto;Asfaltata;Verticale ed orizzontale;Sereno;Scarso;Sufficiente;;1;0;0;2;12.5751;41.903;-1;1;Autovettura privata;In marcia / fermata / arresto;Passeggero;F;Illeso;0;;;
5314216;7;08/03/2021 05:40:00;Strada Urbana;VIA COLLATINA;all'intersezione con;VIALE PALMIRO TOGLIATTI;VIALE PALMIRO TOGLIATTI;;;Scontro frontale/laterale SX fra veicoli in marcia;Intersezione stradale segnalata;Una carreggiata a doppio senso;Asciutto;Asfaltata;Verticale ed orizzontale;Sereno;Scarso;Sufficiente;;1;0;0;2;12.5751;41.903;-1;2;Autovettura privata;In marcia / fermata / arresto;Conducente;M;Illeso;0;;;
5314218;5;05/03/2021 19:00:00;Strada Urbana;VIALE PALMIRO TOGLIATTI;da specificare;;;;circa 30 metri oltre via Valitutti;Tamponamento;Rettilineo;Due carreggiate;Asciutto;Asfaltata;Orizzontale;Sereno;Normale;Sufficiente;;0;0;0;2;12.5733;41.8872;-1;1;Autovettura privata;In marcia / fermata / arresto;Conducente;M;Illeso;0;;Non accertato;
5314218;5;05/03/2021 19:00:00;Strada Urbana;VIALE PALMIRO TOGLIATTI;da specificare;;;;circa 30 metri oltre via Valitutti;Tamponamento;Rettilineo;Due carreggiate;Asciutto;Asfaltata;Orizzontale;Sereno;Normale;Sufficiente;;0;0;0;2;12.5733;41.8872;-1;2;Autovettura privata;In marcia / fermata / arresto;Conducente;F;Illeso;0;;Non accertato;
5314220;5;06/03/2021 19:10:00;Strada Urbana;VIA TIBURTINA;in prossimit�;;del civico n.;328;;Investimento di pedone;Rettilineo;Pi� di due carreggiate;Bagnato (pioggia);Asfaltata;Verticale ed orizzontale;Nuvoloso;Normale;Sufficiente;;1;0;1;1;12.5345;41.9081;0;;;;Pedone;M;Deceduto durante prime cure;-1;;;
5314220;5;06/03/2021 19:10:00;Strada Urbana;VIA TIBURTINA;in prossimit�;;del civico n.;328;;Investimento di pedone;Rettilineo;Pi� di due carreggiate;Bagnato (pioggia);Asfaltata;Verticale ed orizzontale;Nuvoloso;Normale;Sufficiente;;1;0;1;1;12.5345;41.9081;0;;;;Pedone;F;Rimandato;0;NON DECEDUTO;;
5314220;5;06/03/2021 19:10:00;Strada Urbana;VIA TIBURTINA;in prossimit�;;del civico n.;328;;Investimento di pedone;Rettilineo;Pi� di due carreggiate;Bagnato (pioggia);Asfaltata;Verticale ed orizzontale;Nuvoloso;Normale;Sufficiente;;1;0;1;1;12.5345;41.9081;0;1;Motociclo a solo;In marcia / fermata / arresto;Conducente;M;Illeso;0;;Non accertato;
5314223;8;04/03/2021 13:25:00;Strada Urbana;VIA DEL PADIGLIONE;all'intersezione con;VIA DI PRATAPORCI;VIA DI PRATAPORCI;;;Veicolo in marcia contro ostacolo fisso;Intersezione stradale segnalata;Una carreggiata a doppio senso;Asciutto;Asfaltata;Verticale;Sereno;Scarso;Buona;;0;0;0;1;12.6806;41.8537;-1;1;Autocarro inferiore 35 q.;In marcia / fermata / arresto;Conducente;M;Illeso;0;;;
5314228;13;07/03/2021 15:10:00;Strada Urbana;VIA DI CASTEL FUSANO;da specificare;;;;prossimit� via di Pianabella;Veicolo in marcia contro veicoli in arresto;Rettilineo;Una carreggiata a doppio senso;Asciutto;Asfaltata;Orizzontale;Nuvoloso;Intenso;Buona;;0;0;0;6;12.3055;41.7577;-1;1;Autovettura privata;In marcia / fermata / arresto;Conducente;M;Illeso;0;;Non accertato;Inesploso
5314228;13;07/03/2021 15:10:00;Strada Urbana;VIA DI CASTEL FUSANO;da specificare;;;;prossimit� via di Pianabella;Veicolo in marcia contro veicoli in arresto;Rettilineo;Una carreggiata a doppio senso;Asciutto;Asfaltata;Orizzontale;Nuvoloso;Intenso;Buona;;0;0;0;6;12.3055;41.7577;-1;1;Autovettura privata;In marcia / fermata / arresto;Passeggero;M;Illeso;0;;Non accertato;Inesploso
5314228;13;07/03/2021 15:10:00;Strada Urbana;VIA DI CASTEL FUSANO;da specificare;;;;prossimit� via di Pianabella;Veicolo in marcia contro veicoli in arresto;Rettilineo;Una carreggiata a doppio senso;Asciutto;Asfaltata;Orizzontale;Nuvoloso;Intenso;Buona;;0;0;0;6;12.3055;41.7577;-1;2;Autovettura privata;In marcia / fermata / arresto;Conducente;F;Illeso;0;;Non accertato;Inesploso
5314228;13;07/03/2021 15:10:00;Strada Urbana;VIA DI CASTEL FUSANO;da specificare;;;;prossimit� via di Pianabella;Veicolo in marcia contro veicoli in arresto;Rettilineo;Una carreggiata a doppio senso;Asciutto;Asfaltata;Orizzontale;Nuvoloso;Intenso;Buona;;0;0;0;6;12.3055;41.7577;-1;2;Autovettura privata;In marcia / fermata / arresto;Passeggero;F;Illeso;0;;Non accertato;Inesploso
5314228;13;07/03/2021 15:10:00;Strada Urbana;VIA DI CASTEL FUSANO;da specificare;;;;prossimit� via di Pianabella;Veicolo in marcia contro veicoli in arresto;Rettilineo;Una carreggiata a doppio senso;Asciutto;Asfaltata;Orizzontale;Nuvoloso;Intenso;Buona;;0;0;0;6;12.3055;41.7577;-1;2;Autovettura privata;In marcia / fermata / arresto;Passeggero;M;Illeso;0;;Non accertato;Inesploso
5314228;13;07/03/2021 15:10:00;Strada Urbana;VIA DI CASTEL FUSANO;da specificare;;;;prossimit� via di Pianabella;Veicolo in marcia contro veicoli in arresto;Rettilineo;Una carreggiata a doppio senso;Asciutto;Asfaltata;Orizzontale;Nuvoloso;Intenso;Buona;;0;0;0;6;12.3055;41.7577;-1;3;Autovettura privata;In marcia / fermata / arresto;Conducente;M;Illeso;0;;Non accertato;Inesploso
5314229;5;06/03/2021 10:40:00;Strada Urbana;VIA TIBURTINA;in prossimit�;;del civico n.;1321;;Veicolo in marcia contro ostacolo accidentale;Rettilineo;Due carreggiate;Asciutto;Asfaltata;Verticale ed orizzontale;Sereno;Scarso;Buona;;1;0;0;0;12.6147;41.9367;-1;1;Motociclo a solo;In marcia / fermata / arresto;Conducente;M;Rimandato;0;NON DECEDUTO;Non accertato;
5314231;1;06/03/2021 17:00:00;Strada Urbana;VIA LABICANA;in prossimit�;;del civico n.;43;;Tamponamento;Rettilineo;Pi� di due carreggiate;Asciutto;Asfaltata;Verticale ed orizzontale;Nuvoloso;Normale;Buona;;0;0;0;5;12.4999;41.8894;-1;1;Autovettura privata;In marcia / fermata / arresto;Conducente;M;Illeso;0;;Non accertato;Inesploso
5314231;1;06/03/2021 17:00:00;Strada Urbana;VIA LABICANA;in prossimit�;;del civico n.;43;;Tamponamento;Rettilineo;Pi� di due carreggiate;Asciutto;Asfaltata;Verticale ed orizzontale;Nuvoloso;Normale;Buona;;0;0;0;5;12.4999;41.8894;-1;1;Autovettura privata;In marcia / fermata / arresto;Passeggero;F;Illeso;0;;Non accertato;Inesploso
5314231;1;06/03/2021 17:00:00;Strada Urbana;VIA LABICANA;in prossimit�;;del civico n.;43;;Tamponamento;Rettilineo;Pi� di due carreggiate;Asciutto;Asfaltata;Verticale ed orizzontale;Nuvoloso;Normale;Buona;;0;0;0;5;12.4999;41.8894;-1;2;Autovettura privata;In marcia / fermata / arresto;Conducente;M;Illeso;0;;Non accertato;Inesploso
5314231;1;06/03/2021 17:00:00;Strada Urbana;VIA LABICANA;in prossimit�;;del civico n.;43;;Tamponamento;Rettilineo;Pi� di due carreggiate;Asciutto;Asfaltata;Verticale ed orizzontale;Nuvoloso;Normale;Buona;;0;0;0;5;12.4999;41.8894;-1;2;Autovettura privata;In marcia / fermata / arresto;Passeggero;M;Illeso;0;;Non accertato;Inesploso
5314231;1;06/03/2021 17:00:00;Strada Urbana;VIA LABICANA;in prossimit�;;del civico n.;43;;Tamponamento;Rettilineo;Pi� di due carreggiate;Asciutto;Asfaltata;Verticale ed orizzontale;Nuvoloso;Normale;Buona;;0;0;0;5;12.4999;41.8894;-1;2;Autovettura privata;In marcia / fermata / arresto;Passeggero;F;Illeso;0;;Non accertato;Inesploso
5314236;18;05/03/2021 20:50:00;Strada Urbana;VIA LEONE XIII;all'intersezione con;VIA PIO IV;VIA PIO IV;;;Veicolo in marcia contro veicolo in sosta;Intersezione stradale segnalata;Due carreggiate;Asciutto;Asfaltata;Verticale ed orizzontale;Nuvoloso;Scarso;Sufficiente;;0;0;0;1;12.4404;41.8869;-1;1;Autovettura privata;In marcia / fermata / arresto;Conducente;M;Illeso;0;;;