Protocollo;Gruppo;DataOraIncidente;Localizzazione1;STRADA1;Localizzazione2;STRADA2;Strada02;Chilometrica;DaSpecificare;NaturaIncidente;particolaritastrade;TipoStrada;FondoStradale;Pavimentazione;Segnaletica;CondizioneAtmosferica;Traffico;Visibilita;Illuminazione;NUM_FERITI;NUM_RISERVATA;NUM_MORTI;NUM_ILLESI;Longitudine;Latitudine;Confermato;Progressivo;TipoVeicolo;StatoVeicolo;TipoPersona;Sesso;Tipolesione;Deceduto;DecedutoDopo;CinturaCascoUtilizzato;Airbag;
5317152;6;09/03/2021 12:40:00;Strada Urbana;VIA TOR DE' SCHIAVI;all'intersezione semaforizzata con;VIA FEDERICO DELPINO;VIA FEDERICO DELPINO;;;Scontro laterale fra veicoli in marcia;Intersezione semaforizzata;Una carreggiata a senso unico di marcia;Bagnato (pioggia);Asfaltata;Verticale ed orizzontale;Pioggia in atto;Normale;Sufficiente;;0;0;0;2;12.5607;41.8906;-1;2;Autovettura privata;In marcia / fermata / arresto;Conducente;M;Illeso;0;;;
5317192;1;09/03/2021 16:00:00;Strada Urbana;VIA RIPENSE;all'intersezione con;LUNGOTEVERE RIPA;LUNGOTEVERE RIPA;;;Veicolo in marcia contro veicolo fermo;Incrocio;Una carreggiata a senso unico di marcia;Bagnato (pioggia);Asfaltata;Verticale ed orizzontale;Pioggia in atto;Normale;Buona;;0;0;0;2;12.4788;41.8878;-1;1;Autovettura privata;In marcia / fermata / arresto;Conducente;F;Illeso;0;;Non accertato;Inesploso
5317192;1;09/03/2021 16:00:00;Strada Urbana;VIA RIPENSE;all'intersezione con;LUNGOTEVERE RIPA;LUNGOTEVERE RIPA;;;Veicolo in marcia contro veicolo fermo;Incrocio;Una carreggiata a senso unico di marcia;Bagnato (pioggia);Asfaltata;Verticale ed orizzontale;Pioggia in atto;Normale;Buona;;0;0;0;2;12.4788;41.8878;-1;2;Autovettura privata;In marcia / fermata / arresto;Conducente;M;Illeso;0;;Non accertato;Inesploso
5317320;12;09/03/2021 14:05:00;Provinciale;VIA OSTIENSE;da specificare;;;;20 metri dopo lo svincolo G.R.A. (dir. Roma);Veicolo in marcia che urta buche nella carreggiata;Rettilineo;Una carreggiata a senso unico di marcia;Bagnato (pioggia);Con buche;Verticale ed orizzontale;Pioggia in atto;Normale;Buona;;0;0;0;1;12.4207;41.8086;-1;1;Autovettura privata;In marcia / fermata / arresto;Conducente;M;Illeso;0;;Non accertato;Inesploso
5317321;12;09/03/2021 14:20:00;Provinciale;VIA OSTIENSE;da specificare;;;;20 metri dopo lo svincolo G.R.A.( dir. Roma);Veicolo in marcia che urta buche nella carreggiata;Rettilineo;Una carreggiata a senso unico di marcia;Bagnato (pioggia);Con buche;Verticale ed orizzontale;Pioggia in atto;Normale;Buona;;0;0;0;3;12.4207;41.8086;-1;1;Autovettura privata;In marcia / fermata / arresto;Conducente;M;Illeso;0;;Non accertato;Inesploso
5317321;12;09/03/2021 14:20:00;Provinciale;VIA OSTIENSE;da specificare;;;;20 metri dopo lo svincolo G.R.A.( dir. Roma);Veicolo in marcia che urta buche nella carreggiata;Rettilineo;Una carreggiata a senso unico di marcia;Bagnato (pioggia);Con buche;Verticale ed orizzontale;Pioggia in atto;Normale;Buona;;0;0;0;3;12.4207;41.8086;-1;1;Autovettura privata;In marcia / fermata / arresto;Passeggero;M;Illeso;0;;Non accertato;Inesploso
5317321;12;09/03/2021 14:20:00;Provinciale;VIA OSTIENSE;da specificare;;;;20 metri dopo lo svincolo G.R.A.( dir. Roma);Veicolo in marcia che urta buche nella carreggiata;Rettilineo;Una carreggiata a senso unico di marcia;Bagnato (pioggia);Con buche;Verticale ed orizzontale;Pioggia in atto;Normale;Buona;;0;0;0;3;12.4207;41.8086;-1;1;Autovettura privata;In marcia / fermata / arresto;Passeggero;M;Illeso;0;;Non accertato;Inesploso
5317445;8;10/03/2021 00:25:00;Strada Urbana;VIA GIONATA;in corrispondenza;;del civico n.;45;;Veicolo in marcia contro veicolo in sosta;Rettilineo;Una carreggiata a doppio senso;Bagnato (umidit� in atto);Asfaltata;Assente;Nuvoloso;Scarso;Buona;;0;0;0;1;12.6817;41.8559;-1;1;Autovettura privata;In marcia / fermata / arresto;Conducente;M;Illeso;0;;Non accertato;Esploso
5317445;8;10/03/2021 00:25:00;Strada Urbana;VIA GIONATA;in corrispondenza;;del civico n.;45;;Veicolo in marcia contro veicolo in sosta;Rettilineo;Una carreggiata a doppio senso;Bagnato (umidit� in atto);Asfaltata;Assente;Nuvoloso;Scarso;Buona;;0;0;0;1;12.6817;41.8559;-1;2;Autovettura privata;Sosta;;;;;;;
5317449;8;09/03/2021 11:20:00;Strada Urbana;VIA TERME VIGLIATORE;in prossimit�;;del civico n.;32;;Scontro frontale/laterale DX fra veicoli in marcia;Rettilineo;Una carreggiata a senso unico di marcia;Bagnato (umidit� in atto);Asfaltata;Assente;Nuvoloso;Normale;Buona;;3;0;0;1;12.6728;41.8605;0;1;Autovettura privata;In marcia / fermata / arresto;Conducente;M;Illeso;0;;;
5317449;8;09/03/2021 11:20:00;Strada Urbana;VIA TERME VIGLIATORE;in prossimit�;;del civico n.;32;;Scontro frontale/laterale DX fra veicoli in marcia;Rettilineo;Una carreggiata a senso unico di marcia;Bagnato (umidit� in atto);Asfaltata;Assente;Nuvoloso;Normale;Buona;;3;0;0;1;12.6728;41.8605;0;2;Autovettura privata;In marcia / fermata / arresto;Conducente;M;Rifiuta cure immediate;0;NON DECEDUTO;;
5317449;8;09/03/2021 11:20:00;Strada Urbana;VIA TERME VIGLIATORE;in prossimit�;;del civico n.;32;;Scontro frontale/laterale DX fra veicoli in marcia;Rettilineo;Una carreggiata a senso unico di marcia;Bagnato (umidit� in atto);Asfaltata;Assente;Nuvoloso;Normale;Buona;;3;0;0;1;12.6728;41.8605;0;2;Autovettura privata;In marcia / fermata / arresto;Passeggero;F;Rifiuta cure immediate;0;NON DECEDUTO;Non accertato;Inesploso
5317449;8;09/03/2021 11:20:00;Strada Urbana;VIA TERME VIGLIATORE;in prossimit�;;del civico n.;32;;Scontro frontale/laterale DX fra veicoli in marcia;Rettilineo;Una carreggiata a senso unico di marcia;Bagnato (umidit� in atto);Asfaltata;Assente;Nuvoloso;Normale;Buona;;3;0;0;1;12.6728;41.8605;0;2;Autovettura privata;In marcia / fermata / arresto;Passeggero;F;Rifiuta cure immediate;0;NON DECEDUTO;Non accertato;Inesploso
5317452;8;09/03/2021 19:45:00;Strada Urbana;VIA DI VERMICINO;in corrispondenza;;del civico n.;135;;Veicolo in marcia che urta buche nella carreggiata;Rettilineo;Una carreggiata a doppio senso;Bagnato (umidit� in atto);Asfaltata;Verticale ed orizzontale;Nuvoloso;Normale;Buona;;0;0;0;1;12.6758;41.8555;-1;1;Autovettura privata;In marcia / fermata / arresto;Conducente;M;Illeso;0;;Non accertato;Inesploso
5317506;8;09/03/2021 11:00:00;Strada Urbana;VIA CRISTOFANO ROBETTA;all'intersezione con;VIA GIULIO CAMPAGNOLA;VIA GIULIO CAMPAGNOLA;;;Scontro laterale fra veicoli in marcia;Intersezione stradale segnalata;Una carreggiata a senso unico di marcia;Bagnato (umidit� in atto);Asfaltata;Verticale ed orizzontale;Nuvoloso;Scarso;Buona;;2;0;0;0;12.6259;41.8659;-1;1;Autovettura privata;In marcia / fermata / arresto;Conducente;M;Rifiuta cure immediate;0;NON DECEDUTO;Non accertato;Inesploso
5317506;8;09/03/2021 11:00:00;Strada Urbana;VIA CRISTOFANO ROBETTA;all'intersezione con;VIA GIULIO CAMPAGNOLA;VIA GIULIO CAMPAGNOLA;;;Scontro laterale fra veicoli in marcia;Intersezione stradale segnalata;Una carreggiata a senso unico di marcia;Bagnato (umidit� in atto);Asfaltata;Verticale ed orizzontale;Nuvoloso;Scarso;Buona;;2;0;0;0;12.6259;41.8659;-1;2;Autovettura privata;In marcia / fermata / arresto;Conducente;M;Rifiuta cure immediate;0;NON DECEDUTO;Non accertato;Inesploso
5317506;8;09/03/2021 11:00:00;Strada Urbana;VIA CRISTOFANO ROBETTA;all'intersezione con;VIA GIULIO CAMPAGNOLA;VIA GIULIO CAMPAGNOLA;;;Scontro laterale fra veicoli in marcia;Intersezione stradale segnalata;Una carreggiata a senso unico di marcia;Bagnato (umidit� in atto);Asfaltata;Verticale ed orizzontale;Nuvoloso;Scarso;Buona;;2;0;0;0;12.6259;41.8659;-1;3;Autovettura privata;Sosta;;;;;;;
5317506;8;09/03/2021 11:00:00;Strada Urbana;VIA CRISTOFANO ROBETTA;all'intersezione con;VIA GIULIO CAMPAGNOLA;VIA GIULIO CAMPAGNOLA;;;Scontro laterale fra veicoli in marcia;Intersezione stradale segnalata;Una carreggiata a senso unico di marcia;Bagnato (umidit� in atto);Asfaltata;Verticale ed orizzontale;Nuvoloso;Scarso;Buona;;2;0;0;0;12.6259;41.8659;-1;4;Autovettura privata;Sosta;;;;;;;
5317519;15;09/03/2021 19:05:00;Strada Urbana;VIA PORTUENSE;da specificare;;;;altezza Viale dei Colli Portuensi;Scontro laterale fra veicoli in marcia;Rettilineo;Una carreggiata a doppio senso;Bagnato (umidit� in atto);Asfaltata;Verticale ed orizzontale;Nuvoloso;Normale;Buona;;2;0;0;3;12.414;41.8469;-1;1;Autovettura privata;In marcia / fermata / arresto;Conducente;M;Illeso;0;;Non accertato;Inesploso
5317519;15;09/03/2021 19:05:00;Strada Urbana;VIA PORTUENSE;da specificare;;;;altezza Viale dei Colli Portuensi;Scontro laterale fra veicoli in marcia;Rettilineo;Una carreggiata a doppio senso;Bagnato (umidit� in atto);Asfaltata;Verticale ed orizzontale;Nuvoloso;Normale;Buona;;2;0;0;3;12.414;41.8469;-1;1;Autovettura privata;In marcia / fermata / arresto;Passeggero;F;Rimandato;0;NON DECEDUTO;Non accertato;
5317519;15;09/03/2021 19:05:00;Strada Urbana;VIA PORTUENSE;da specificare;;;;altezza Viale dei Colli Portuensi;Scontro laterale fra veicoli in marcia;Rettilineo;Una carreggiata a doppio senso;Bagnato (umidit� in atto);Asfaltata;Verticale ed orizzontale;Nuvoloso;Normale;Buona;;2;0;0;3;12.414;41.8469;-1;1;Autovettura privata;In marcia / fermata / arresto;Passeggero;M;Illeso;0;;Non accertato;Inesploso
5317519;15;09/03/2021 19:05:00;Strada Urbana;VIA PORTUENSE;da specificare;;;;altezza Viale dei Colli Portuensi;Scontro laterale fra veicoli in marcia;Rettilineo;Una carreggiata a doppio senso;Bagnato (umidit� in atto);Asfaltata;Verticale ed orizzontale;Nuvoloso;Normale;Buona;;2;0;0;3;12.414;41.8469;-1;1;Autovettura privata;In marcia / fermata / arresto;Passeggero;M;Rimandato;0;NON DECEDUTO;Non accertato;
5317519;15;09/03/2021 19:05:00;Strada Urbana;VIA PORTUENSE;da specificare;;;;altezza Viale dei Colli Portuensi;Scontro laterale fra veicoli in marcia;Rettilineo;Una carreggiata a doppio senso;Bagnato (umidit� in atto);Asfaltata;Verticale ed orizzontale;Nuvoloso;Normale;Buona;;2;0;0;3;12.414;41.8469;-1;2;Autovettura privata;In marcia / fermata / arresto;Conducente;M;Illeso;0;;Non accertato;Inesploso
5317539;20;09/03/2021 18:15:00;Strada Urbana;VIA DI GROTTAROSSA;all'intersezione con;VIA TORRICELLA IN SABINA;VIA TORRICELLA IN SABINA;;;Scontro frontale/laterale SX fra veicoli in marcia;Intersezione non regolata/non segnalata;Una carreggiata a doppio senso;Bagnato (umidit� in atto);Asfaltata;Orizzontale;Nuvoloso;Normale;Sufficiente;;0;0;0;2;12.4387;41.9722;-1;1;Motociclo a solo;In marcia / fermata / arresto;Conducente;M;Illeso;0;;;
5317539;20;09/03/2021 18:15:00;Strada Urbana;VIA DI GROTTAROSSA;all'intersezione con;VIA TORRICELLA IN SABINA;VIA TORRICELLA IN SABINA;;;Scontro frontale/laterale SX fra veicoli in marcia;Intersezione non regolata/non segnalata;Una carreggiata a doppio senso;Bagnato (umidit� in atto);Asfaltata;Orizzontale;Nuvoloso;Normale;Sufficiente;;0;0;0;2;12.4387;41.9722;-1;2;Autovettura privata;In marcia / fermata / arresto;Conducente;F;Illeso;0;;;
5317562;20;09/03/2021 15:25:00;Strada Urbana;VIA CASSIA;da specificare;;;;ALTEZZA VIA M. AZZARITA;Scontro frontale/laterale SX fra veicoli in marcia;Rettilineo;Una carreggiata a doppio senso;Asciutto;Asfaltata;Verticale ed orizzontale;Nuvoloso;Normale;Buona;;0;0;0;2;12.4472;41.9631;-1;1;Autovettura privata;In marcia / fermata / arresto;Conducente;M;Illeso;0;;Non accertato;Inesploso
5317562;20;09/03/2021 15:25:00;Strada Urbana;VIA CASSIA;da specificare;;;;ALTEZZA VIA M. AZZARITA;Scontro frontale/laterale SX fra veicoli in marcia;Rettilineo;Una carreggiata a doppio senso;Asciutto;Asfaltata;Verticale ed orizzontale;Nuvoloso;Normale;Buona;;0;0;0;2;12.4472;41.9631;-1;2;Motociclo a solo;In marcia / fermata / arresto;Conducente;M;Illeso;0;;Non accertato;
5317562;20;09/03/2021 15:25:00;Strada Urbana;VIA CASSIA;da specificare;;;;ALTEZZA VIA M. AZZARITA;Scontro frontale/laterale SX fra veicoli in marcia;Rettilineo;Una carreggiata a doppio senso;Asciutto;Asfaltata;Verticale ed orizzontale;Nuvoloso;Normale;Buona;;0;0;0;2;12.4472;41.9631;-1;3;Autovettura privata;Sosta;;;;;;;
5317568;8;09/03/2021 19:50:00;Strada Urbana;VIA PIETRO ROMANO;in corrispondenza;;del civico n.;33;;Veicolo in marcia contro veicoli in sosta;Rettilineo;Una carreggiata a doppio senso;Bagnato (umidit� in atto);Asfaltata;Verticale ed orizzontale;Nuvoloso;Normale;Buona;;0;0;0;2;12.577;41.8701;-1;1;Autovettura privata;In marcia / fermata / arresto;Conducente;M;Illeso;0;;Non accertato;Inesploso
5317568;8;09/03/2021 19:50:00;Strada Urbana;VIA PIETRO ROMANO;in corrispondenza;;del civico n.;33;;Veicolo in marcia contro veicoli in sosta;Rettilineo;Una carreggiata a doppio senso;Bagnato (umidit� in atto);Asfaltata;Verticale ed orizzontale;Nuvoloso;Normale;Buona;;0;0;0;2;12.577;41.8701;-1;1;Autovettura privata;In marcia / fermata / arresto;Passeggero;F;Illeso;0;;Non accertato;Inesploso
5317568;8;09/03/2021 19:50:00;Strada Urbana;VIA PIETRO ROMANO;in corrispondenza;;del civico n.;33;;Veicolo in marcia contro veicoli in sosta;Rettilineo;Una carreggiata a doppio senso;Bagnato (umidit� in atto);Asfaltata;Verticale ed orizzontale;Nuvoloso;Normale;Buona;;0;0;0;2;12.577;41.8701;-1;2;Autovettura privata;Sosta;;;;;;;
5317568;8;09/03/2021 19:50:00;Strada Urbana;VIA PIETRO ROMANO;in corrispondenza;;del civico n.;33;;Veicolo in marcia contro veicoli in sosta;Rettilineo;Una carreggiata a doppio senso;Bagnato (umidit� in atto);Asfaltata;Verticale ed orizzontale;Nuvoloso;Normale;Buona;;0;0;0;2;12.577;41.8701;-1;3;Autovettura privata;Sosta;;;;;;;
5317570;18;09/03/2021 08:00:00;Statale;VIA AURELIA;da specificare;;;;in  prossimit� del km 10.500 dir. Roma ;Veicolo in marcia contro ostacolo fisso;Rettilineo;Due carreggiate;Bagnato (pioggia);Asfaltata;Verticale ed orizzontale;Nuvoloso;Normale;Buona;;0;0;0;2;12.4012;41.8861;-1;1;Autovettura privata;In marcia / fermata / arresto;Conducente;M;Illeso;0;;;
5317570;18;09/03/2021 08:00:00;Statale;VIA AURELIA;da specificare;;;;in  prossimit� del km 10.500 dir. Roma ;Veicolo in marcia contro ostacolo fisso;Rettilineo;Due carreggiate;Bagnato (pioggia);Asfaltata;Verticale ed orizzontale;Nuvoloso;Normale;Buona;;0;0;0;2;12.4012;41.8861;-1;1;Autovettura privata;In marcia / fermata / arresto;Passeggero;F;Illeso;0;;;
5317572;7;09/03/2021 14:15:00;Strada Urbana;VIA DEI GELSI;all'intersezione con;VIA TOR DE' SCHIAVI;VIA TOR DE' SCHIAVI;;;Scontro frontale/laterale DX fra veicoli in marcia;Incrocio;Due carreggiate;Bagnato (pioggia);Asfaltata;Verticale ed orizzontale;Nuvoloso;Normale;Buona;;0;0;0;3;12.5618;41.8878;-1;1;Autovettura privata;In marcia / fermata / arresto;Conducente;F;Illeso;0;;Non accertato;Inesploso
5317572;7;09/03/2021 14:15:00;Strada Urbana;VIA DEI GELSI;all'intersezione con;VIA TOR DE' SCHIAVI;VIA TOR DE' SCHIAVI;;;Scontro frontale/laterale DX fra veicoli in marcia;Incrocio;Due carreggiate;Bagnato (pioggia);Asfaltata;Verticale ed orizzontale;Nuvoloso;Normale;Buona;;0;0;0;3;12.5618;41.8878;-1;1;Autovettura privata;In marcia / fermata / arresto;Passeggero;F;Illeso;0;;Non accertato;Inesploso
5317572;7;09/03/2021 14:15:00;Strada Urbana;VIA DEI GELSI;all'intersezione con;VIA TOR DE' SCHIAVI;VIA TOR DE' SCHIAVI;;;Scontro frontale/laterale DX fra veicoli in marcia;Incrocio;Due carreggiate;Bagnato (pioggia);Asfaltata;Verticale ed orizzontale;Nuvoloso;Normale;Buona;;0;0;0;3;12.5618;41.8878;-1;2;Autovettura privata;In marcia / fermata / arresto;Conducente;M;Illeso;0;;Non accertato;Inesploso
5317576;19;09/03/2021 21:45:00;Strada Urbana;VIA IPOGEO DEGLI OTTAVI;in prossimit�;;del civico n.;103;;Veicolo in marcia contro ostacolo accidentale;Rettilineo;Una carreggiata a doppio senso;Bagnato (pioggia);Asfaltata;Orizzontale;Nuvoloso;Scarso;Sufficiente;;0;0;0;1;12.4035;41.9656;-1;1;Autobus di linea;In marcia / fermata / arresto;Conducente;M;Illeso;0;;Non accertato;
5317583;15;09/03/2021 15:55:00;Strada Urbana;VIA DELLA PISANA;da specificare;;;;prossimit� civico 1111;Veicolo in marcia contro ostacolo accidentale;Rettilineo;Una carreggiata a doppio senso;Bagnato (pioggia);Asfaltata;Orizzontale;Pioggia in atto;Normale;Buona;;0;0;0;1;12.389;41.8577;-1;1;Autovettura privata;In marcia / fermata / arresto;Conducente;F;Illeso;0;;Non accertato;Inesploso
5317586;13;09/03/2021 19:00:00;Strada Urbana;VIA ESCHILO;in prossimit�;;del civico n.;98D;;Scontro frontale/laterale SX fra veicoli in marcia;Rettilineo;Una carreggiata a doppio senso;Asciutto;Asfaltata;Assente;Nuvoloso;Normale;Buona;;0;0;0;4;12.3715;41.7627;-1;1;Autovettura privata;In marcia / fermata / arresto;Conducente;F;Illeso;0;;Non accertato;Inesploso
5317586;13;09/03/2021 19:00:00;Strada Urbana;VIA ESCHILO;in prossimit�;;del civico n.;98D;;Scontro frontale/laterale SX fra veicoli in marcia;Rettilineo;Una carreggiata a doppio senso;Asciutto;Asfaltata;Assente;Nuvoloso;Normale;Buona;;0;0;0;4;12.3715;41.7627;-1;2;Autovettura privata;In marcia / fermata / arresto;Conducente;F;Illeso;0;;Non accertato;Inesploso
5317586;13;09/03/2021 19:00:00;Strada Urbana;VIA ESCHILO;in prossimit�;;del civico n.;98D;;Scontro frontale/laterale SX fra veicoli in marcia;Rettilineo;Una carreggiata a doppio senso;Asciutto;Asfaltata;Assente;Nuvoloso;Normale;Buona;;0;0;0;4;12.3715;41.7627;-1;3;Autovettura privata;In marcia / fermata / arresto;Conducente;F;Illeso;0;;Non accertato;Inesploso
5317586;13;09/03/2021 19:00:00;Strada Urbana;VIA ESCHILO;in prossimit�;;del civico n.;98D;;Scontro frontale/laterale SX fra veicoli in marcia;Rettilineo;Una carreggiata a doppio senso;Asciutto;Asfaltata;Assente;Nuvoloso;Normale;Buona;;0;0;0;4;12.3715;41.7627;-1;3;Autovettura privata;In marcia / fermata / arresto;Passeggero;F;Illeso;0;;Non accertato;Inesploso
5317586;13;09/03/2021 19:00:00;Strada Urbana;VIA ESCHILO;in prossimit�;;del civico n.;98D;;Scontro frontale/laterale SX fra veicoli in marcia;Rettilineo;Una carreggiata a doppio senso;Asciutto;Asfaltata;Assente;Nuvoloso;Normale;Buona;;0;0;0;4;12.3715;41.7627;-1;4;Autovettura privata;Sosta;;;;;;;
5317589;4;09/03/2021 15:30:00;Strada Urbana;VIA DEI PRATI FISCALI;in corrispondenza;;del civico n.;185;;Scontro laterale fra veicoli in marcia;Rettilineo;Pi� di due carreggiate;Bagnato (pioggia);Asfaltata;Verticale ed orizzontale;Pioggia in atto;Normale;Buona;;0;0;0;2;12.5199;41.9461;-1;1;Autovettura privata;In marcia / fermata / arresto;Conducente;M;Illeso;0;;Non accertato;
5317589;4;09/03/2021 15:30:00;Strada Urbana;VIA DEI PRATI FISCALI;in corrispondenza;;del civico n.;185;;Scontro laterale fra veicoli in marcia;Rettilineo;Pi� di due carreggiate;Bagnato (pioggia);Asfaltata;Verticale ed orizzontale;Pioggia in atto;Normale;Buona;;0;0;0;2;12.5199;41.9461;-1;2;Autovettura privata;In marcia / fermata / arresto;Conducente;M;Illeso;0;;Non accertato;
5317598;12;09/03/2021 13:10:00;Strada Urbana;PIAZZA BEATA VERGINE DEL CARMELO;in prossimit�;;del civico n.;17;;Scontro frontale/laterale SX fra veicoli in marcia;Rettilineo;Pi� di due carreggiate;Bagnato (pioggia);Asfaltata;Verticale ed orizzontale;Pioggia in atto;Normale;Buona;;0;0;0;2;12.4443;41.8082;-1;1;Autovettura privata;In marcia / fermata / arresto;Conducente;F;Illeso;0;;Utilizzato;Inesploso
5317598;12;09/03/2021 13:10:00;Strada Urbana;PIAZZA BEATA VERGINE DEL CARMELO;in prossimit�;;del civico n.;17;;Scontro frontale/laterale SX fra veicoli in marcia;Rettilineo;Pi� di due carreggiate;Bagnato (pioggia);Asfaltata;Verticale ed orizzontale;Pioggia in atto;Normale;Buona;;0;0;0;2;12.4443;41.8082;-1;2;Autovettura privata;In marcia / fermata / arresto;Conducente;F;Illeso;0;;Utilizzato;Inesploso
5317599;20;09/03/2021 19:05:00;Strada Urbana;VIA DELLA STAZIONE DI CESANO;da specificare;;;;PROSSIMITA' FC 488;Tamponamento;Rettilineo;Una carreggiata a doppio senso;Asciutto;Asfaltata;Orizzontale;Nuvoloso;Scarso;Buona;;1;0;0;1;12.3241;42.0598;-1;1;Autovettura privata;In marcia / fermata / arresto;Conducente;M;Rimandato;0;NON DECEDUTO;Non accertato;Inesploso
5317599;20;09/03/2021 19:05:00;Strada Urbana;VIA DELLA STAZIONE DI CESANO;da specificare;;;;PROSSIMITA' FC 488;Tamponamento;Rettilineo;Una carreggiata a doppio senso;Asciutto;Asfaltata;Orizzontale;Nuvoloso;Scarso;Buona;;1;0;0;1;12.3241;42.0598;-1;2;Autovettura privata;In marcia / fermata / arresto;Conducente;M;Illeso;0;;Non accertato;Inesploso
5317605;7;09/03/2021 15:45:00;Strada Urbana;VIA GIOVANNI RUCELLAI;in corrispondenza;;del civico n.;5;;Scontro laterale fra veicoli in marcia;Rettilineo;Una carreggiata a doppio senso;Bagnato (pioggia);Asfaltata;Assente;Pioggia in atto;Scarso;Buona;;0;0;0;2;12.592;41.8975;-1;1;Autocarro inferiore 35 q.;In marcia / fermata / arresto;Conducente;M;Illeso;0;;;
5317605;7;09/03/2021 15:45:00;Strada Urbana;VIA GIOVANNI RUCELLAI;in corrispondenza;;del civico n.;5;;Scontro laterale fra veicoli in marcia;Rettilineo;Una carreggiata a doppio senso;Bagnato (pioggia);Asfaltata;Assente;Pioggia in atto;Scarso;Buona;;0;0;0;2;12.592;41.8975;-1;2;Autovettura privata;In marcia / fermata / arresto;Conducente;M;Illeso;0;;;
5317615;4;09/03/2021 17:00:00;Strada Urbana;VIA TINA PICA;da specificare;;;;in prossimit� del fronte civico 6;Investimento di pedone;Rettilineo;Una carreggiata a doppio senso;Bagnato (pioggia);Asfaltata;Verticale ed orizzontale;Pioggia in atto;Scarso;Buona;;2;0;0;1;12.5151;41.9691;-1;;;;Pedone;M;Rifiuta cure immediate;0;NON DECEDUTO;;
5317615;4;09/03/2021 17:00:00;Strada Urbana;VIA TINA PICA;da specificare;;;;in prossimit� del fronte civico 6;Investimento di pedone;Rettilineo;Una carreggiata a doppio senso;Bagnato (pioggia);Asfaltata;Verticale ed orizzontale;Pioggia in atto;Scarso;Buona;;2;0;0;1;12.5151;41.9691;-1;;;;Pedone;M;Rimandato;0;NON DECEDUTO;;
5317615;4;09/03/2021 17:00:00;Strada Urbana;VIA TINA PICA;da specificare;;;;in prossimit� del fronte civico 6;Investimento di pedone;Rettilineo;Una carreggiata a doppio senso;Bagnato (pioggia);Asfaltata;Verticale ed orizzontale;Pioggia in atto;Scarso;Buona;;2;0;0;1;12.5151;41.9691;-1;1;Autovettura privata;In marcia / fermata / arresto;Conducente;M;Illeso;0;;Non accertato;Inesploso
5317616;4;09/03/2021 07:10:00;Strada Urbana;VIA NOMENTANA;da specificare;;;;all'intersezione con VIA POGGIO FIORITO;Scontro laterale fra veicoli in marcia;Rettilineo;Una carreggiata a doppio senso;Bagnato (pioggia);Asfaltata;Verticale ed orizzontale;Nuvoloso;Intenso;Buona;;0;0;0;2;12.5736;41.959;-1;1;Autovettura privata;In marcia / fermata / arresto;Conducente;M;Illeso;0;;Non accertato;Inesploso
5317616;4;09/03/2021 07:10:00;Strada Urbana;VIA NOMENTANA;da specificare;;;;all'intersezione con VIA POGGIO FIORITO;Scontro laterale fra veicoli in marcia;Rettilineo;Una carreggiata a doppio senso;Bagnato (pioggia);Asfaltata;Verticale ed orizzontale;Nuvoloso;Intenso;Buona;;0;0;0;2;12.5736;41.959;-1;2;Autovettura privata;In marcia / fermata / arresto;Conducente;M;Illeso;0;;Non accertato;Inesploso
5317653;18;09/03/2021 08:35:00;Statale;VIA AURELIA;in prossimit�;;della chilometrica;10.1;;Tamponamento Multiplo;Rettilineo;Due carreggiate;Bagnato (pioggia);Asfaltata;Verticale ed orizzontale;Pioggia in atto;Normale;Buona;;0;0;0;4;12.4012;41.8861;-1;1;Autovettura privata;In marcia / fermata / arresto;Conducente;M;Illeso;0;;Non accertato;Inesploso
5317653;18;09/03/2021 08:35:00;Statale;VIA AURELIA;in prossimit�;;della chilometrica;10.1;;Tamponamento Multiplo;Rettilineo;Due carreggiate;Bagnato (pioggia);Asfaltata;Verticale ed orizzontale;Pioggia in atto;Normale;Buona;;0;0;0;4;12.4012;41.8861;-1;2;Autovettura privata;In marcia / fermata / arresto;Conducente;M;Illeso;0;;Non accertato;Inesploso
5317653;18;09/03/2021 08:35:00;Statale;VIA AURELIA;in prossimit�;;della chilometrica;10.1;;Tamponamento Multiplo;Rettilineo;Due carreggiate;Bagnato (pioggia);Asfaltata;Verticale ed orizzontale;Pioggia in atto;Normale;Buona;;0;0;0;4;12.4012;41.8861;-1;3;Autovettura privata;In marcia / fermata / arresto;Conducente;M;Illeso;0;;Non accertato;Inesploso
5317653;18;09/03/2021 08:35:00;Statale;VIA AURELIA;in prossimit�;;della chilometrica;10.1;;Tamponamento Multiplo;Rettilineo;Due carreggiate;Bagnato (pioggia);Asfaltata;Verticale ed orizzontale;Pioggia in atto;Normale;Buona;;0;0;0;4;12.4012;41.8861;-1;4;Autovettura privata;In marcia / fermata / arresto;Conducente;M;Illeso;0;;Non accertato;Inesploso