Protocollo;Gruppo;DataOraIncidente;Localizzazione1;STRADA1;Localizzazione2;STRADA2;Strada02;Chilometrica;DaSpecificare;NaturaIncidente;particolaritastrade;TipoStrada;FondoStradale;Pavimentazione;Segnaletica;CondizioneAtmosferica;Traffico;Visibilita;Illuminazione;NUM_FERITI;NUM_RISERVATA;NUM_MORTI;NUM_ILLESI;Longitudine;Latitudine;Confermato;Progressivo;TipoVeicolo;StatoVeicolo;TipoPersona;Sesso;Tipolesione;Deceduto;DecedutoDopo;CinturaCascoUtilizzato;Airbag;
5317664;5;09/03/2021 07:30:00;Strada Urbana;NUOVA CIRCONVALLAZIONE INTERNA;da specificare;;;;direzione San Giovanni prox uscita Monti Tiburtini;Veicolo in marcia contro ostacolo fisso;Rettilineo;Una carreggiata a senso unico di marcia;Bagnato (pioggia);Asfaltata;Orizzontale;Pioggia in atto;Normale;Buona;;1;0;0;0;12.5302;41.9153;-1;1;Autovettura privata;In marcia / fermata / arresto;Conducente;F;Rimandato;0;NON DECEDUTO;Non accertato;Inesploso
5317675;5;09/03/2021 09:30:00;Strada Urbana;VIA BELMONTE IN SABINA;da specificare;;;;prossimit� via cappi;Veicolo in marcia contro ostacolo accidentale;Curva a visuale libera;Due carreggiate;Bagnato (pioggia);Asfaltata;Verticale ed orizzontale;Nuvoloso;Normale;Buona;;0;0;0;1;12.5975;41.9484;-1;1;Autovettura privata;In marcia / fermata / arresto;Conducente;F;Illeso;0;;Non accertato;
5317676;4;09/03/2021 09:00:00;Strada Urbana;CORSO SEMPIONE;da specificare;;;;all'altezza di PONTE TAZIO direzione Porta Pia;Scontro laterale fra veicoli in marcia;Rettilineo;Una carreggiata a doppio senso;Bagnato (umidit� in atto);Asfaltata;Verticale ed orizzontale;Nuvoloso;Normale;Buona;;0;0;0;2;12.5342;41.9354;-1;1;Autocarro superiore 35 q.;In marcia / fermata / arresto;Conducente;M;Illeso;0;;Non accertato;Inesistente
5317676;4;09/03/2021 09:00:00;Strada Urbana;CORSO SEMPIONE;da specificare;;;;all'altezza di PONTE TAZIO direzione Porta Pia;Scontro laterale fra veicoli in marcia;Rettilineo;Una carreggiata a doppio senso;Bagnato (umidit� in atto);Asfaltata;Verticale ed orizzontale;Nuvoloso;Normale;Buona;;0;0;0;2;12.5342;41.9354;-1;2;Autovettura privata;In marcia / fermata / arresto;Conducente;M;Illeso;0;;Non accertato;Inesploso
5317678;4;09/03/2021 17:30:00;Strada Urbana;VIA CONCA D'ORO;all'intersezione con;VIA VAL SENIO;VIA VAL SENIO;;;Scontro frontale/laterale SX fra veicoli in marcia;Incrocio;Una carreggiata a senso unico di marcia;Bagnato (pioggia);Asfaltata;Verticale ed orizzontale;Pioggia in atto;Normale;Buona;;1;0;0;2;12.5168;41.945;-1;1;Autovettura privata;In marcia / fermata / arresto;Conducente;M;Illeso;0;;Non accertato;
5317678;4;09/03/2021 17:30:00;Strada Urbana;VIA CONCA D'ORO;all'intersezione con;VIA VAL SENIO;VIA VAL SENIO;;;Scontro frontale/laterale SX fra veicoli in marcia;Incrocio;Una carreggiata a senso unico di marcia;Bagnato (pioggia);Asfaltata;Verticale ed orizzontale;Pioggia in atto;Normale;Buona;;1;0;0;2;12.5168;41.945;-1;1;Autovettura privata;In marcia / fermata / arresto;Passeggero;M;Illeso;0;;Non accertato;
5317678;4;09/03/2021 17:30:00;Strada Urbana;VIA CONCA D'ORO;all'intersezione con;VIA VAL SENIO;VIA VAL SENIO;;;Scontro frontale/laterale SX fra veicoli in marcia;Incrocio;Una carreggiata a senso unico di marcia;Bagnato (pioggia);Asfaltata;Verticale ed orizzontale;Pioggia in atto;Normale;Buona;;1;0;0;2;12.5168;41.945;-1;2;Motociclo a solo;In marcia / fermata / arresto;Conducente;M;Rimandato;0;NON DECEDUTO;Non accertato;
5317680;13;02/03/2021 16:30:00;Strada Urbana;VIA GIOSUE' DEI CAS;all'intersezione con;VIA FRANCESCO DONATI;VIA FRANCESCO DONATI;;;Tamponamento;Incrocio;Una carreggiata a doppio senso;Asciutto;Asfaltata;Verticale ed orizzontale;Sereno;Scarso;Buona;;0;0;0;1;12.4941;41.9062;-1;1;Autovettura privata;In marcia / fermata / arresto;Conducente;M;Illeso;0;;Non accertato;
5317680;13;02/03/2021 16:30:00;Strada Urbana;VIA GIOSUE' DEI CAS;all'intersezione con;VIA FRANCESCO DONATI;VIA FRANCESCO DONATI;;;Tamponamento;Incrocio;Una carreggiata a doppio senso;Asciutto;Asfaltata;Verticale ed orizzontale;Sereno;Scarso;Buona;;0;0;0;1;12.4941;41.9062;-1;2;Motociclo a solo;In marcia / fermata / arresto;;;;;;;
5317681;3;09/03/2021 17:26:00;Strada Urbana;VIA LORENZO IL MAGNIFICO;da specificare;;;;fronte civ. 17;Scontro frontale/laterale SX fra veicoli in marcia;Rettilineo;Una carreggiata a doppio senso;Bagnato (pioggia);Asfaltata;Verticale ed orizzontale;Nuvoloso;Normale;Buona;;2;0;0;0;12.5251;41.9121;-1;1;Autovettura privata;In marcia / fermata / arresto;Conducente;F;Rimandato;0;NON DECEDUTO;;
5317681;3;09/03/2021 17:26:00;Strada Urbana;VIA LORENZO IL MAGNIFICO;da specificare;;;;fronte civ. 17;Scontro frontale/laterale SX fra veicoli in marcia;Rettilineo;Una carreggiata a doppio senso;Bagnato (pioggia);Asfaltata;Verticale ed orizzontale;Nuvoloso;Normale;Buona;;2;0;0;0;12.5251;41.9121;-1;2;Motociclo a solo;In marcia / fermata / arresto;Conducente;M;Rimandato;0;NON DECEDUTO;;
5317683;5;09/03/2021 12:20:00;Strada Urbana;VIA TIBURTINA;all'intersezione con;VIA RAFFAELE MAJETTI;VIA RAFFAELE MAJETTI;;;Veicolo in marcia contro ostacolo accidentale;Incrocio;Due carreggiate;Bagnato (pioggia);Asfaltata;Verticale ed orizzontale;Nuvoloso;Normale;Buona;;0;0;0;1;12.5739;41.9257;-1;1;Autobus urbano;In marcia / fermata / arresto;Conducente;M;Illeso;0;;;
5317684;6;09/03/2021 15:30:00;Strada Urbana;VIA ROBERTO MALATESTA;in prossimit�;;del civico n.;296;;Scontro laterale fra veicoli in marcia;Rettilineo;Due carreggiate;Bagnato (pioggia);Asfaltata;Verticale ed orizzontale;Nuvoloso;Normale;Sufficiente;;0;0;0;2;12.5418;41.8872;-1;1;Autovettura privata;In marcia / fermata / arresto;Conducente;M;Illeso;0;;;
5317684;6;09/03/2021 15:30:00;Strada Urbana;VIA ROBERTO MALATESTA;in prossimit�;;del civico n.;296;;Scontro laterale fra veicoli in marcia;Rettilineo;Due carreggiate;Bagnato (pioggia);Asfaltata;Verticale ed orizzontale;Nuvoloso;Normale;Sufficiente;;0;0;0;2;12.5418;41.8872;-1;2;Autovettura privata;In marcia / fermata / arresto;Conducente;F;Illeso;0;;;
5317693;4;09/03/2021 21:40:00;Strada Urbana;VIA VAL D'OSSOLA;all'intersezione con;VIA VALDINIEVOLE;VIA VALDINIEVOLE;;;Scontro frontale/laterale DX fra veicoli in marcia;Incrocio;Una carreggiata a senso unico di marcia;Bagnato (pioggia);Asfaltata;Verticale;Nuvoloso;Scarso;Sufficiente;;0;0;0;3;12.5289;41.9354;-1;1;Autovettura privata;In marcia / fermata / arresto;Conducente;M;Illeso;0;;;
5317693;4;09/03/2021 21:40:00;Strada Urbana;VIA VAL D'OSSOLA;all'intersezione con;VIA VALDINIEVOLE;VIA VALDINIEVOLE;;;Scontro frontale/laterale DX fra veicoli in marcia;Incrocio;Una carreggiata a senso unico di marcia;Bagnato (pioggia);Asfaltata;Verticale;Nuvoloso;Scarso;Sufficiente;;0;0;0;3;12.5289;41.9354;-1;2;Autovettura privata;In marcia / fermata / arresto;Conducente;M;Illeso;0;;;
5317693;4;09/03/2021 21:40:00;Strada Urbana;VIA VAL D'OSSOLA;all'intersezione con;VIA VALDINIEVOLE;VIA VALDINIEVOLE;;;Scontro frontale/laterale DX fra veicoli in marcia;Incrocio;Una carreggiata a senso unico di marcia;Bagnato (pioggia);Asfaltata;Verticale;Nuvoloso;Scarso;Sufficiente;;0;0;0;3;12.5289;41.9354;-1;2;Autovettura privata;In marcia / fermata / arresto;Passeggero;M;Illeso;0;;;
5317706;5;09/03/2021 14:35:00;Strada Urbana;VIA RINALDO D'AQUINO;da specificare;;;;direzione GRA altezza palo Acea n� 49;Scontro frontale/laterale SX fra veicoli in marcia;Curva a visuale libera;Due carreggiate;Bagnato (pioggia);Asfaltata;Verticale ed orizzontale;Pioggia in atto;Normale;Buona;;0;0;0;2;12.6108;41.9646;-1;1;Autovettura privata;In marcia / fermata / arresto;Conducente;F;Illeso;0;;Non accertato;
5317706;5;09/03/2021 14:35:00;Strada Urbana;VIA RINALDO D'AQUINO;da specificare;;;;direzione GRA altezza palo Acea n� 49;Scontro frontale/laterale SX fra veicoli in marcia;Curva a visuale libera;Due carreggiate;Bagnato (pioggia);Asfaltata;Verticale ed orizzontale;Pioggia in atto;Normale;Buona;;0;0;0;2;12.6108;41.9646;-1;2;Autovettura privata;In marcia / fermata / arresto;Conducente;F;Illeso;0;;Non accertato;
5317711;3;09/03/2021 18:10:00;Strada Urbana;VIA TIBURTINA;da specificare;;;;fronte civ. 263;Scontro laterale fra veicoli in marcia;Rettilineo;Pi� di due carreggiate;Bagnato (pioggia);Asfaltata;Verticale ed orizzontale;Pioggia in atto;Normale;Sufficiente;;0;0;0;4;12.5739;41.9257;-1;1;Autovettura privata;In marcia / fermata / arresto;Conducente;M;Illeso;0;;Non accertato;Inesploso
5317711;3;09/03/2021 18:10:00;Strada Urbana;VIA TIBURTINA;da specificare;;;;fronte civ. 263;Scontro laterale fra veicoli in marcia;Rettilineo;Pi� di due carreggiate;Bagnato (pioggia);Asfaltata;Verticale ed orizzontale;Pioggia in atto;Normale;Sufficiente;;0;0;0;4;12.5739;41.9257;-1;1;Autovettura privata;In marcia / fermata / arresto;Passeggero;F;Illeso;0;;Non accertato;Inesploso
5317711;3;09/03/2021 18:10:00;Strada Urbana;VIA TIBURTINA;da specificare;;;;fronte civ. 263;Scontro laterale fra veicoli in marcia;Rettilineo;Pi� di due carreggiate;Bagnato (pioggia);Asfaltata;Verticale ed orizzontale;Pioggia in atto;Normale;Sufficiente;;0;0;0;4;12.5739;41.9257;-1;1;Autovettura privata;In marcia / fermata / arresto;Passeggero;F;Illeso;0;;Non accertato;Inesploso
5317711;3;09/03/2021 18:10:00;Strada Urbana;VIA TIBURTINA;da specificare;;;;fronte civ. 263;Scontro laterale fra veicoli in marcia;Rettilineo;Pi� di due carreggiate;Bagnato (pioggia);Asfaltata;Verticale ed orizzontale;Pioggia in atto;Normale;Sufficiente;;0;0;0;4;12.5739;41.9257;-1;2;Motociclo a solo;In marcia / fermata / arresto;Conducente;M;Illeso;0;;Non accertato;
5317716;16;04/03/2021 14:55:00;Strada Urbana;VIA VIRGINIA AGNELLI;in corrispondenza;;del civico n.;67;;Scontro laterale fra veicoli in marcia;Curva a visuale libera;Due carreggiate;Asciutto;Asfaltata;Verticale;Sereno;Normale;Buona;;0;0;0;2;12.4448;41.8617;-1;1;Quadriciclo leggero;In marcia / fermata / arresto;Conducente;M;Illeso;0;;Non accertato;
5317716;16;04/03/2021 14:55:00;Strada Urbana;VIA VIRGINIA AGNELLI;in corrispondenza;;del civico n.;67;;Scontro laterale fra veicoli in marcia;Curva a visuale libera;Due carreggiate;Asciutto;Asfaltata;Verticale;Sereno;Normale;Buona;;0;0;0;2;12.4448;41.8617;-1;2;Autovettura privata;In marcia / fermata / arresto;Conducente;M;Illeso;0;;Non accertato;
5317717;18;09/03/2021 20:45:00;Strada Urbana;VIA DI BOCCEA;in corrispondenza;;del civico n.;172;;Veicolo in marcia contro ostacolo accidentale;Rettilineo;Una carreggiata a doppio senso;Bagnato (umidit� in atto);Asfaltata;Verticale ed orizzontale;Nuvoloso;Normale;Sufficiente;;1;0;0;0;12.4233;41.9029;-1;1;Motociclo a solo;In marcia / fermata / arresto;Conducente;M;Rimandato;0;NON DECEDUTO;;
5317728;5;09/03/2021 22:35:00;Strada Urbana;VIA TIBURTINA;da specificare;;;;prossimit� via marco simone;Veicolo in marcia contro ostacolo accidentale;Rettilineo;Una carreggiata a doppio senso;Bagnato (umidit� in atto);Con buche;Verticale ed orizzontale;Nuvoloso;Scarso;Sufficiente;;0;0;0;1;12.5837;41.9197;-1;1;Autovettura privata;In marcia / fermata / arresto;Conducente;M;Illeso;0;;Non accertato;
5317730;3;09/03/2021 09:40:00;Strada Urbana;VIA TIBURTINA;da specificare;;;;dir.ne Portonaccio, fine rampa  P.zza Crociate;Veicolo in marcia contro ostacolo accidentale;Rettilineo;Una carreggiata a senso unico di marcia;Bagnato (pioggia);Asfaltata;Verticale;Pioggia in atto;Normale;Buona;;0;0;0;1;12.5374;41.9001;-1;1;Autovettura privata;In marcia / fermata / arresto;Conducente;F;Illeso;0;;;
5317743;3;09/03/2021 09:20:00;Strada Urbana;VIA DI S. ANGELA MERICI;in corrispondenza;;del civico n.;48;;Scontro frontale/laterale SX fra veicoli in marcia;Pendenza;Una carreggiata a doppio senso;Bagnato (umidit� in atto);Asfaltata;Verticale ed orizzontale;Nuvoloso;Intenso;Buona;;1;0;0;1;12.5239;41.9239;-1;1;Motociclo a solo;In marcia / fermata / arresto;Conducente;F;Ricoverato;0;NON DECEDUTO;;
5317743;3;09/03/2021 09:20:00;Strada Urbana;VIA DI S. ANGELA MERICI;in corrispondenza;;del civico n.;48;;Scontro frontale/laterale SX fra veicoli in marcia;Pendenza;Una carreggiata a doppio senso;Bagnato (umidit� in atto);Asfaltata;Verticale ed orizzontale;Nuvoloso;Intenso;Buona;;1;0;0;1;12.5239;41.9239;-1;2;Autovettura privata;In marcia / fermata / arresto;Conducente;F;Illeso;0;;;
5317783;17;09/03/2021 17:30:00;Strada Urbana;VIA ANGELO EMO;in corrispondenza;;del civico n.;47;;Scontro laterale fra veicoli in marcia;Rettilineo;Due carreggiate;Bagnato (pioggia);Asfaltata;Verticale ed orizzontale;Nuvoloso;Intenso;Buona;;0;0;0;3;12.4475;41.9049;-1;1;Autovettura privata;In marcia / fermata / arresto;Conducente;M;Illeso;0;;;
5317783;17;09/03/2021 17:30:00;Strada Urbana;VIA ANGELO EMO;in corrispondenza;;del civico n.;47;;Scontro laterale fra veicoli in marcia;Rettilineo;Due carreggiate;Bagnato (pioggia);Asfaltata;Verticale ed orizzontale;Nuvoloso;Intenso;Buona;;0;0;0;3;12.4475;41.9049;-1;1;Autovettura privata;In marcia / fermata / arresto;Passeggero;F;Illeso;0;;;
5317783;17;09/03/2021 17:30:00;Strada Urbana;VIA ANGELO EMO;in corrispondenza;;del civico n.;47;;Scontro laterale fra veicoli in marcia;Rettilineo;Due carreggiate;Bagnato (pioggia);Asfaltata;Verticale ed orizzontale;Nuvoloso;Intenso;Buona;;0;0;0;3;12.4475;41.9049;-1;2;Autovettura privata;In marcia / fermata / arresto;Conducente;M;Illeso;0;;;
5317793;13;09/03/2021 20:10:00;Strada Urbana;VIA OSTIENSE;da specificare;;;;pross.casa Cantoniera RIF. VIA Del mare  KM 25,300;Veicolo in marcia contro ostacolo accidentale;Rettilineo;Una carreggiata a doppio senso;Asciutto;Asfaltata;Verticale ed orizzontale;Sereno;Normale;Buona;;0;0;0;1;;;0;1;Autovettura privata;In marcia / fermata / arresto;Conducente;M;Illeso;0;;;
5317872;2;08/03/2021 08:00:00;Strada Urbana;VIA NOMENTANA;in prossimit�;;del civico n.;361;;Ribaltamento senza urto contro ostacolo fisso;Rettilineo;Una carreggiata a doppio senso;Bagnato (pioggia);Asfaltata;Verticale ed orizzontale;Pioggia in atto;Intenso;Sufficiente;;1;0;0;1;12.5201;41.9237;-1;1;Autovettura privata;In marcia / fermata / arresto;Conducente;M;Illeso;0;;Non accertato;Inesploso
5317872;2;08/03/2021 08:00:00;Strada Urbana;VIA NOMENTANA;in prossimit�;;del civico n.;361;;Ribaltamento senza urto contro ostacolo fisso;Rettilineo;Una carreggiata a doppio senso;Bagnato (pioggia);Asfaltata;Verticale ed orizzontale;Pioggia in atto;Intenso;Sufficiente;;1;0;0;1;12.5201;41.9237;-1;2;Motociclo a solo;In marcia / fermata / arresto;Conducente;M;Rimandato;0;NON DECEDUTO;;
5317889;2;09/03/2021 10:15:00;Strada Urbana;VIA ELEONORA DUSE;all'intersezione con;VIA LUIGI BELLOTTI BON;VIA LUIGI BELLOTTI BON;;;Scontro laterale fra veicoli in marcia;Incrocio;Una carreggiata a senso unico di marcia;Bagnato (pioggia);Asfaltata;Verticale ed orizzontale;Pioggia in atto;Normale;Buona;;0;0;0;3;12.4917;41.9291;-1;1;Autovettura privata;In marcia / fermata / arresto;Conducente;F;Illeso;0;;;
5317889;2;09/03/2021 10:15:00;Strada Urbana;VIA ELEONORA DUSE;all'intersezione con;VIA LUIGI BELLOTTI BON;VIA LUIGI BELLOTTI BON;;;Scontro laterale fra veicoli in marcia;Incrocio;Una carreggiata a senso unico di marcia;Bagnato (pioggia);Asfaltata;Verticale ed orizzontale;Pioggia in atto;Normale;Buona;;0;0;0;3;12.4917;41.9291;-1;2;Autovettura privata;In marcia / fermata / arresto;Conducente;F;Illeso;0;;;
5317889;2;09/03/2021 10:15:00;Strada Urbana;VIA ELEONORA DUSE;all'intersezione con;VIA LUIGI BELLOTTI BON;VIA LUIGI BELLOTTI BON;;;Scontro laterale fra veicoli in marcia;Incrocio;Una carreggiata a senso unico di marcia;Bagnato (pioggia);Asfaltata;Verticale ed orizzontale;Pioggia in atto;Normale;Buona;;0;0;0;3;12.4917;41.9291;-1;2;Autovettura privata;In marcia / fermata / arresto;Passeggero;F;Illeso;0;;;
5317892;2;09/03/2021 15:35:00;Strada Urbana;LUNGOTEVERE FLAMINIO;all'intersezione con;PONTE DUCA D'AOSTA;PONTE DUCA D'AOSTA;;;Scontro laterale fra veicoli in marcia;Intersezione semaforizzata;Una carreggiata a doppio senso;Bagnato (pioggia);Asfaltata;Verticale ed orizzontale;Pioggia in atto;Normale;Buona;;1;0;0;1;12.4622;41.9306;-1;1;Autocarro inferiore 35 q.;In marcia / fermata / arresto;Conducente;M;Illeso;0;;;
5317892;2;09/03/2021 15:35:00;Strada Urbana;LUNGOTEVERE FLAMINIO;all'intersezione con;PONTE DUCA D'AOSTA;PONTE DUCA D'AOSTA;;;Scontro laterale fra veicoli in marcia;Intersezione semaforizzata;Una carreggiata a doppio senso;Bagnato (pioggia);Asfaltata;Verticale ed orizzontale;Pioggia in atto;Normale;Buona;;1;0;0;1;12.4622;41.9306;-1;2;Motociclo a solo;In marcia / fermata / arresto;Conducente;F;Rimandato;0;NON DECEDUTO;;
5318011;15;10/03/2021 09:30:00;Strada Urbana;VIA PORTUENSE;in corrispondenza;;del civico n.;840;;Infortunio per caduta del veicolo;Rettilineo;Una carreggiata a doppio senso;Asciutto;Asfaltata;Orizzontale;Nebbia;Intenso;Buona;;1;0;0;0;12.4192;41.8482;-1;1;Motociclo a solo;In marcia / fermata / arresto;Conducente;M;Rimandato;0;NON DECEDUTO;;
5318245;13;10/03/2021 08:50:00;Strada Urbana;VIA MASSIMO TROISI;in corrispondenza;;del civico n.;21;;Scontro frontale/laterale SX fra veicoli in marcia;Rettilineo;Una carreggiata a doppio senso;Asciutto;Asfaltata;Verticale ed orizzontale;Sereno;Normale;Buona;;0;0;0;2;12.391;41.7859;-1;1;Autovettura privata;In marcia / fermata / arresto;Conducente;M;Illeso;0;;Non accertato;Inesploso
5318245;13;10/03/2021 08:50:00;Strada Urbana;VIA MASSIMO TROISI;in corrispondenza;;del civico n.;21;;Scontro frontale/laterale SX fra veicoli in marcia;Rettilineo;Una carreggiata a doppio senso;Asciutto;Asfaltata;Verticale ed orizzontale;Sereno;Normale;Buona;;0;0;0;2;12.391;41.7859;-1;2;Autovettura privata;In marcia / fermata / arresto;Conducente;M;Illeso;0;;Non accertato;Inesploso
5318299;1;10/03/2021 08:45:00;Strada Urbana;LUNGOTEVERE AVENTINO;in prossimit�;;del palo luce n.;2;;Veicolo in marcia contro ostacolo accidentale;Rettilineo;Una carreggiata a senso unico di marcia;Asciutto;Asfaltata;Verticale ed orizzontale;Sereno;Normale;Buona;;0;0;0;1;12.479;41.8855;-1;1;Autovettura privata;In marcia / fermata / arresto;Conducente;M;Illeso;0;;;
5318312;10;10/03/2021 13:00:00;Strada Urbana;VIA UMBERTO QUINTAVALLE;in prossimit�;;del civico n.;18;;Veicolo in marcia contro veicoli in sosta;Sottopasso illuminato;Una carreggiata a senso unico di marcia;Asciutto;Asfaltata;Verticale;Sereno;Normale;Buona;;0;0;0;0;12.5731;41.8539;-1;1;Autovettura privata;Sosta;;;;;;;
5318312;10;10/03/2021 13:00:00;Strada Urbana;VIA UMBERTO QUINTAVALLE;in prossimit�;;del civico n.;18;;Veicolo in marcia contro veicoli in sosta;Sottopasso illuminato;Una carreggiata a senso unico di marcia;Asciutto;Asfaltata;Verticale;Sereno;Normale;Buona;;0;0;0;0;12.5731;41.8539;-1;2;Autovettura privata;Sosta;;;;;;;
5318372;12;10/03/2021 10:45:00;Provinciale entro l'abitato;VIA ARDEATINA;in prossimit�;;del civico n.;1227;;Veicolo in marcia che urta buche nella carreggiata;Rettilineo;Una carreggiata a doppio senso;Asciutto;Con buche;Verticale;Sereno;Intenso;Buona;;0;0;0;1;12.5453;41.7759;-1;1;Autobus di linea;In marcia / fermata / arresto;Conducente;M;Illeso;0;;;
5318396;16;09/03/2021 08:40:00;Strada Urbana;VIA DI MONTE VERDE;in prossimit�;;del civico n.;6D;;Tamponamento Multiplo;Pendenza;Una carreggiata a senso unico di marcia;Bagnato (umidit� in atto);Asfaltata;Verticale ed orizzontale;Nuvoloso;Normale;Buona;;2;0;0;2;12.4569;41.8723;-1;1;Autovettura privata;In marcia / fermata / arresto;Conducente;M;Illeso;0;;Non accertato;Inesploso
5318396;16;09/03/2021 08:40:00;Strada Urbana;VIA DI MONTE VERDE;in prossimit�;;del civico n.;6D;;Tamponamento Multiplo;Pendenza;Una carreggiata a senso unico di marcia;Bagnato (umidit� in atto);Asfaltata;Verticale ed orizzontale;Nuvoloso;Normale;Buona;;2;0;0;2;12.4569;41.8723;-1;2;Autovettura privata;In marcia / fermata / arresto;Conducente;F;Rimandato;0;NON DECEDUTO;Non accertato;Inesploso
5318396;16;09/03/2021 08:40:00;Strada Urbana;VIA DI MONTE VERDE;in prossimit�;;del civico n.;6D;;Tamponamento Multiplo;Pendenza;Una carreggiata a senso unico di marcia;Bagnato (umidit� in atto);Asfaltata;Verticale ed orizzontale;Nuvoloso;Normale;Buona;;2;0;0;2;12.4569;41.8723;-1;3;Autovettura privata;In marcia / fermata / arresto;Conducente;F;Rimandato;0;NON DECEDUTO;Non accertato;Inesploso
5318396;16;09/03/2021 08:40:00;Strada Urbana;VIA DI MONTE VERDE;in prossimit�;;del civico n.;6D;;Tamponamento Multiplo;Pendenza;Una carreggiata a senso unico di marcia;Bagnato (umidit� in atto);Asfaltata;Verticale ed orizzontale;Nuvoloso;Normale;Buona;;2;0;0;2;12.4569;41.8723;-1;4;Autovettura privata;Sosta;;;;;;;
5318396;16;09/03/2021 08:40:00;Strada Urbana;VIA DI MONTE VERDE;in prossimit�;;del civico n.;6D;;Tamponamento Multiplo;Pendenza;Una carreggiata a senso unico di marcia;Bagnato (umidit� in atto);Asfaltata;Verticale ed orizzontale;Nuvoloso;Normale;Buona;;2;0;0;2;12.4569;41.8723;-1;5;Autovettura pubblica;In marcia / fermata / arresto;Conducente;M;Illeso;0;;Non accertato;Inesploso
5318402;12;10/03/2021 09:50:00;Provinciale entro l'abitato;VIA ARDEATINA;in prossimit�;;della chilometrica;9.6;;Veicolo in marcia che urta buche nella carreggiata;Rettilineo;Una carreggiata a doppio senso;Asciutto;Con buche;Verticale ed orizzontale;Sereno;Intenso;Buona;;0;0;0;1;12.5255;41.8131;-1;1;Autovettura privata;In marcia / fermata / arresto;Conducente;M;Illeso;0;;Utilizzato;Inesploso
5318421;16;09/03/2021 10:25:00;Strada Urbana;VIA GIOVANNI DE CALVI;in corrispondenza;;del civico n.;9;;Veicolo in marcia contro veicolo in sosta;Rettilineo;Una carreggiata a doppio senso;Bagnato (umidit� in atto);Asfaltata;Verticale ed orizzontale;Nebbia;Normale;Buona;;0;0;0;1;12.4462;41.8694;-1;1;Autocarro inferiore 35 q.;In marcia / fermata / arresto;Conducente;M;Illeso;0;;Non accertato;Inesploso
5318421;16;09/03/2021 10:25:00;Strada Urbana;VIA GIOVANNI DE CALVI;in corrispondenza;;del civico n.;9;;Veicolo in marcia contro veicolo in sosta;Rettilineo;Una carreggiata a doppio senso;Bagnato (umidit� in atto);Asfaltata;Verticale ed orizzontale;Nebbia;Normale;Buona;;0;0;0;1;12.4462;41.8694;-1;2;Autovettura privata;Sosta;;;;;;;
5318453;9;10/03/2021 11:50:00;Strada Urbana;VIA DEMETRIADE;in prossimit�;;del civico n.;72;;Scontro laterale fra veicoli in marcia;Rettilineo;Una carreggiata a doppio senso;Asciutto;Asfaltata;Orizzontale;Sereno;Scarso;Buona;;0;0;0;2;12.5399;41.8628;-1;1;Autovettura privata;In marcia / fermata / arresto;Conducente;M;Illeso;0;;Non accertato;Inesploso
5318453;9;10/03/2021 11:50:00;Strada Urbana;VIA DEMETRIADE;in prossimit�;;del civico n.;72;;Scontro laterale fra veicoli in marcia;Rettilineo;Una carreggiata a doppio senso;Asciutto;Asfaltata;Orizzontale;Sereno;Scarso;Buona;;0;0;0;2;12.5399;41.8628;-1;2;Autovettura privata;In marcia / fermata / arresto;Conducente;M;Illeso;0;;Non accertato;Inesploso
5318463;12;10/03/2021 09:30:00;Provinciale entro l'abitato;VIA LAURENTINA;da specificare;;;;ROTATORIA, PROX VIA CASTEL DI LEVA DIR. ROMA;Scontro laterale fra veicoli in marcia;Rotatoria;Una carreggiata a senso unico di marcia;Asciutto;Asfaltata;Verticale ed orizzontale;Sereno;Intenso;Buona;;0;0;0;3;12.4819;41.7883;-1;1;Autovettura privata;In marcia / fermata / arresto;Conducente;M;Illeso;0;;Non accertato;Inesploso
5318463;12;10/03/2021 09:30:00;Provinciale entro l'abitato;VIA LAURENTINA;da specificare;;;;ROTATORIA, PROX VIA CASTEL DI LEVA DIR. ROMA;Scontro laterale fra veicoli in marcia;Rotatoria;Una carreggiata a senso unico di marcia;Asciutto;Asfaltata;Verticale ed orizzontale;Sereno;Intenso;Buona;;0;0;0;3;12.4819;41.7883;-1;1;Autovettura privata;In marcia / fermata / arresto;Passeggero;M;Illeso;0;;Non accertato;Inesploso
5318463;12;10/03/2021 09:30:00;Provinciale entro l'abitato;VIA LAURENTINA;da specificare;;;;ROTATORIA, PROX VIA CASTEL DI LEVA DIR. ROMA;Scontro laterale fra veicoli in marcia;Rotatoria;Una carreggiata a senso unico di marcia;Asciutto;Asfaltata;Verticale ed orizzontale;Sereno;Intenso;Buona;;0;0;0;3;12.4819;41.7883;-1;2;Autocarro superiore 35 q.;In marcia / fermata / arresto;Conducente;M;Illeso;0;;Non accertato;Inesploso
5318538;1;06/03/2021 16:00:00;Strada Urbana;VIA DEL BABUINO;all'intersezione con;VIA DELLA CROCE;VIA DELLA CROCE;;;Scontro frontale/laterale DX fra veicoli in marcia;Incrocio;Una carreggiata a senso unico di marcia;Bagnato (umidit� in atto);In cubetti di porfido;Verticale ed orizzontale;Nuvoloso;Normale;Buona;;0;0;0;3;12.4812;41.9065;-1;1;Ciclomotore;In marcia / fermata / arresto;Conducente;M;Illeso;0;;;