Protocollo;Gruppo;DataOraIncidente;Localizzazione1;STRADA1;Localizzazione2;STRADA2;Strada02;Chilometrica;DaSpecificare;NaturaIncidente;particolaritastrade;TipoStrada;FondoStradale;Pavimentazione;Segnaletica;CondizioneAtmosferica;Traffico;Visibilita;Illuminazione;NUM_FERITI;NUM_RISERVATA;NUM_MORTI;NUM_ILLESI;Longitudine;Latitudine;Confermato;Progressivo;TipoVeicolo;StatoVeicolo;TipoPersona;Sesso;Tipolesione;Deceduto;DecedutoDopo;CinturaCascoUtilizzato;Airbag;
5321353;4;11/03/2021 11:40:00;Strada Urbana;VIALE JONIO;in corrispondenza;;del civico n.;45;;Tamponamento;Rettilineo;Due carreggiate;Asciutto;Asfaltata;Verticale ed orizzontale;Sereno;Normale;Buona;;1;0;0;1;12.5442;41.9438;-1;1;Autovettura privata;In marcia / fermata / arresto;Conducente;F;Illeso;0;;Non accertato;Inesploso
5321353;4;11/03/2021 11:40:00;Strada Urbana;VIALE JONIO;in corrispondenza;;del civico n.;45;;Tamponamento;Rettilineo;Due carreggiate;Asciutto;Asfaltata;Verticale ed orizzontale;Sereno;Normale;Buona;;1;0;0;1;12.5442;41.9438;-1;2;Motociclo a solo;In marcia / fermata / arresto;Conducente;M;Rimandato;0;NON DECEDUTO;Non accertato;
5321356;20;11/03/2021 11:00:00;Strada Urbana;VIA BACCANO;all'intersezione con;VIALE DELLE GALLINE BIANCHE;VIALE DELLE GALLINE BIANCHE;;;Scontro frontale/laterale DX fra veicoli in marcia;Incrocio;Due carreggiate;Asciutto;Asfaltata;Verticale ed orizzontale;Sereno;Normale;Buona;;0;0;0;2;12.4926;41.9971;-1;1;Autovettura privata;In marcia / fermata / arresto;Conducente;F;Illeso;0;;;
5321356;20;11/03/2021 11:00:00;Strada Urbana;VIA BACCANO;all'intersezione con;VIALE DELLE GALLINE BIANCHE;VIALE DELLE GALLINE BIANCHE;;;Scontro frontale/laterale DX fra veicoli in marcia;Incrocio;Due carreggiate;Asciutto;Asfaltata;Verticale ed orizzontale;Sereno;Normale;Buona;;0;0;0;2;12.4926;41.9971;-1;2;Autovettura privata;In marcia / fermata / arresto;Conducente;F;Illeso;0;;;
5321359;3;11/03/2021 11:50:00;Strada Urbana;PIAZZA BOLOGNA;all'intersezione con;VIA LORENZO IL MAGNIFICO;VIA LORENZO IL MAGNIFICO;;;Scontro laterale fra veicoli in marcia;Incrocio;Una carreggiata a doppio senso;Asciutto;Asfaltata;Verticale ed orizzontale;Sereno;Normale;Buona;;0;0;0;3;12.5212;41.9134;-1;1;Autovettura privata;In marcia / fermata / arresto;Conducente;M;Illeso;0;;;
5321359;3;11/03/2021 11:50:00;Strada Urbana;PIAZZA BOLOGNA;all'intersezione con;VIA LORENZO IL MAGNIFICO;VIA LORENZO IL MAGNIFICO;;;Scontro laterale fra veicoli in marcia;Incrocio;Una carreggiata a doppio senso;Asciutto;Asfaltata;Verticale ed orizzontale;Sereno;Normale;Buona;;0;0;0;3;12.5212;41.9134;-1;1;Autovettura privata;In marcia / fermata / arresto;Passeggero;F;Illeso;0;;;
5321359;3;11/03/2021 11:50:00;Strada Urbana;PIAZZA BOLOGNA;all'intersezione con;VIA LORENZO IL MAGNIFICO;VIA LORENZO IL MAGNIFICO;;;Scontro laterale fra veicoli in marcia;Incrocio;Una carreggiata a doppio senso;Asciutto;Asfaltata;Verticale ed orizzontale;Sereno;Normale;Buona;;0;0;0;3;12.5212;41.9134;-1;2;Autobus urbano;In marcia / fermata / arresto;Conducente;M;Illeso;0;;;
5321361;1;11/03/2021 17:52:00;Strada Urbana;LUNGOTEVERE IN SASSIA;all'intersezione con;VIA GREGORIO VII;VIA GREGORIO VII;;;Scontro laterale fra veicoli in marcia;Intersezione stradale segnalata;Una carreggiata a senso unico di marcia;Asciutto;Asfaltata;Verticale ed orizzontale;Sereno;Normale;Buona;;0;0;0;3;12.4632;41.9012;-1;1;Autovettura privata;In marcia / fermata / arresto;Conducente;M;Illeso;0;;Non accertato;Inesploso
5321361;1;11/03/2021 17:52:00;Strada Urbana;LUNGOTEVERE IN SASSIA;all'intersezione con;VIA GREGORIO VII;VIA GREGORIO VII;;;Scontro laterale fra veicoli in marcia;Intersezione stradale segnalata;Una carreggiata a senso unico di marcia;Asciutto;Asfaltata;Verticale ed orizzontale;Sereno;Normale;Buona;;0;0;0;3;12.4632;41.9012;-1;1;Autovettura privata;In marcia / fermata / arresto;Passeggero;F;Illeso;0;;Non accertato;Inesploso
5321361;1;11/03/2021 17:52:00;Strada Urbana;LUNGOTEVERE IN SASSIA;all'intersezione con;VIA GREGORIO VII;VIA GREGORIO VII;;;Scontro laterale fra veicoli in marcia;Intersezione stradale segnalata;Una carreggiata a senso unico di marcia;Asciutto;Asfaltata;Verticale ed orizzontale;Sereno;Normale;Buona;;0;0;0;3;12.4632;41.9012;-1;2;Autovettura privata;In marcia / fermata / arresto;Conducente;M;Illeso;0;;Non accertato;Inesploso
5321362;13;11/03/2021 08:20:00;Statale;VIALE CRISTOFORO COLOMBO;da specificare;;;;altezza via di malafede;Tamponamento;Rettilineo;Due carreggiate;Asciutto;Asfaltata;Verticale ed orizzontale;Sereno;Intenso;Buona;;0;0;0;2;12.4536;41.8089;-1;1;Autovettura privata;In marcia / fermata / arresto;Conducente;F;Illeso;0;;Non accertato;Inesploso
5321362;13;11/03/2021 08:20:00;Statale;VIALE CRISTOFORO COLOMBO;da specificare;;;;altezza via di malafede;Tamponamento;Rettilineo;Due carreggiate;Asciutto;Asfaltata;Verticale ed orizzontale;Sereno;Intenso;Buona;;0;0;0;2;12.4536;41.8089;-1;2;Autovettura privata;In marcia / fermata / arresto;Conducente;M;Illeso;0;;;
5321378;5;11/03/2021 18:35:00;Strada Urbana;VIA DI GROTTA DI GREGNA;in prossimit�;;del civico n.;100;;Investimento di pedone;Rettilineo;Una carreggiata a doppio senso;Asciutto;Asfaltata;Orizzontale;Sereno;Normale;Buona;;1;0;0;1;12.5654;41.9068;-1;;;;Pedone;F;Rimandato;0;NON DECEDUTO;;
5321378;5;11/03/2021 18:35:00;Strada Urbana;VIA DI GROTTA DI GREGNA;in prossimit�;;del civico n.;100;;Investimento di pedone;Rettilineo;Una carreggiata a doppio senso;Asciutto;Asfaltata;Orizzontale;Sereno;Normale;Buona;;1;0;0;1;12.5654;41.9068;-1;1;Autobus di linea;In marcia / fermata / arresto;Conducente;M;Illeso;0;;Non accertato;
5321381;20;11/03/2021 18:30:00;Strada Urbana;VIA TRIONFALE;da specificare;;;;in prossimit� di via Tagliaferri;Scontro laterale fra veicoli in marcia;Rettilineo;Una carreggiata a senso unico di marcia;Asciutto;Asfaltata;Verticale ed orizzontale;Sereno;Intenso;Sufficiente;;0;0;0;2;12.4084;41.9792;-1;1;Autovettura privata;In marcia / fermata / arresto;Conducente;F;Illeso;0;;Non accertato;Esploso
5321381;20;11/03/2021 18:30:00;Strada Urbana;VIA TRIONFALE;da specificare;;;;in prossimit� di via Tagliaferri;Scontro laterale fra veicoli in marcia;Rettilineo;Una carreggiata a senso unico di marcia;Asciutto;Asfaltata;Verticale ed orizzontale;Sereno;Intenso;Sufficiente;;0;0;0;2;12.4084;41.9792;-1;2;Autovettura privata;In marcia / fermata / arresto;Conducente;M;Illeso;0;;Non accertato;Esploso
5321401;10;11/03/2021 16:20:00;Strada Urbana;VIALE ANTONIO CIAMARRA;in corrispondenza;;del civico n.;177;;Investimento di pedone;Rettilineo;Due carreggiate;Asciutto;Asfaltata;Verticale ed orizzontale;Nuvoloso;Normale;Buona;;1;0;0;1;12.5901;41.8525;-1;;;;Pedone;M;Rimandato;0;NON DECEDUTO;;
5321401;10;11/03/2021 16:20:00;Strada Urbana;VIALE ANTONIO CIAMARRA;in corrispondenza;;del civico n.;177;;Investimento di pedone;Rettilineo;Due carreggiate;Asciutto;Asfaltata;Verticale ed orizzontale;Nuvoloso;Normale;Buona;;1;0;0;1;12.5901;41.8525;-1;1;Autovettura privata;In marcia / fermata / arresto;Conducente;M;Illeso;0;;Non accertato;Inesploso
5321402;18;11/03/2021 07:50:00;Strada Urbana;VIA ENNIO BONIFAZI;in prossimit�;;del civico n.;78;;Scontro laterale fra veicoli in marcia;Rettilineo;Una carreggiata a doppio senso;Asciutto;Asfaltata;Verticale ed orizzontale;Sereno;Scarso;Buona;;0;0;0;2;12.4155;41.9062;-1;1;Autovettura privata;In marcia / fermata / arresto;Conducente;M;Illeso;0;;;
5321402;18;11/03/2021 07:50:00;Strada Urbana;VIA ENNIO BONIFAZI;in prossimit�;;del civico n.;78;;Scontro laterale fra veicoli in marcia;Rettilineo;Una carreggiata a doppio senso;Asciutto;Asfaltata;Verticale ed orizzontale;Sereno;Scarso;Buona;;0;0;0;2;12.4155;41.9062;-1;2;Motociclo a solo;In marcia / fermata / arresto;Conducente;M;Illeso;0;;;
5321414;4;11/03/2021 19:40:00;Strada Urbana;VIA MONTE RUGGERO;all'intersezione con;VIA MONTE CANDA;VIA MONTE CANDA;;;Scontro frontale/laterale DX fra veicoli in marcia;Incrocio;Una carreggiata a doppio senso;Asciutto;Asfaltata;Verticale;Sereno;Scarso;Sufficiente;;0;0;0;2;12.5313;41.9477;-1;1;Autovettura privata;In marcia / fermata / arresto;Conducente;M;Illeso;0;;Non accertato;Inesploso
5321414;4;11/03/2021 19:40:00;Strada Urbana;VIA MONTE RUGGERO;all'intersezione con;VIA MONTE CANDA;VIA MONTE CANDA;;;Scontro frontale/laterale DX fra veicoli in marcia;Incrocio;Una carreggiata a doppio senso;Asciutto;Asfaltata;Verticale;Sereno;Scarso;Sufficiente;;0;0;0;2;12.5313;41.9477;-1;2;Autovettura privata;In marcia / fermata / arresto;Conducente;M;Illeso;0;;;
5321416;1;11/03/2021 23:15:00;Strada Urbana;VIA DEGLI SPECCHI;all'intersezione con;VIA DI S. MARIA IN MONTICELLI;VIA DI S. MARIA IN MONTICELLI;;;Scontro frontale/laterale SX fra veicoli in marcia;Incrocio;Una carreggiata a senso unico di marcia;Asciutto;Acciotolata;Verticale;Sereno;Scarso;Buona;;3;0;0;0;12.4738;41.8939;-1;1;Autovettura privata;In marcia / fermata / arresto;Conducente;M;Rimandato;0;NON DECEDUTO;Non accertato;Inesploso
5321416;1;11/03/2021 23:15:00;Strada Urbana;VIA DEGLI SPECCHI;all'intersezione con;VIA DI S. MARIA IN MONTICELLI;VIA DI S. MARIA IN MONTICELLI;;;Scontro frontale/laterale SX fra veicoli in marcia;Incrocio;Una carreggiata a senso unico di marcia;Asciutto;Acciotolata;Verticale;Sereno;Scarso;Buona;;3;0;0;0;12.4738;41.8939;-1;1;Autovettura privata;In marcia / fermata / arresto;Passeggero;M;Rimandato;0;NON DECEDUTO;Non accertato;Inesploso
5321416;1;11/03/2021 23:15:00;Strada Urbana;VIA DEGLI SPECCHI;all'intersezione con;VIA DI S. MARIA IN MONTICELLI;VIA DI S. MARIA IN MONTICELLI;;;Scontro frontale/laterale SX fra veicoli in marcia;Incrocio;Una carreggiata a senso unico di marcia;Asciutto;Acciotolata;Verticale;Sereno;Scarso;Buona;;3;0;0;0;12.4738;41.8939;-1;2;Autovettura privata;In marcia / fermata / arresto;Conducente;M;Rifiuta cure immediate;0;NON DECEDUTO;Non accertato;Inesploso
5321447;3;11/03/2021 13:10:00;Strada Urbana;VIA ARIODANTE FABRETTI;all'intersezione con;VIA RAVENNA;VIA RAVENNA;;;Scontro laterale fra veicoli in marcia;Incrocio;Una carreggiata a doppio senso;Asciutto;Asfaltata;Verticale ed orizzontale;Sereno;Normale;Buona;;0;0;0;3;12.517;41.9133;-1;1;Autovettura pubblica;In marcia / fermata / arresto;Conducente;M;Illeso;0;;;
5321447;3;11/03/2021 13:10:00;Strada Urbana;VIA ARIODANTE FABRETTI;all'intersezione con;VIA RAVENNA;VIA RAVENNA;;;Scontro laterale fra veicoli in marcia;Incrocio;Una carreggiata a doppio senso;Asciutto;Asfaltata;Verticale ed orizzontale;Sereno;Normale;Buona;;0;0;0;3;12.517;41.9133;-1;2;Autovettura privata;In marcia / fermata / arresto;Conducente;F;Illeso;0;;;
5321447;3;11/03/2021 13:10:00;Strada Urbana;VIA ARIODANTE FABRETTI;all'intersezione con;VIA RAVENNA;VIA RAVENNA;;;Scontro laterale fra veicoli in marcia;Incrocio;Una carreggiata a doppio senso;Asciutto;Asfaltata;Verticale ed orizzontale;Sereno;Normale;Buona;;0;0;0;3;12.517;41.9133;-1;2;Autovettura privata;In marcia / fermata / arresto;Passeggero;M;Illeso;0;;;
5321456;18;11/03/2021 14:10:00;Strada Urbana;VIA S. SOTERO;in corrispondenza;;del civico n.;27;;Investimento di pedone;Rettilineo;Una carreggiata a senso unico di marcia;Asciutto;Asfaltata;Verticale ed orizzontale;Sereno;Scarso;Buona;;1;0;0;1;12.4444;41.8963;-1;;;;Pedone;M;Rimandato;0;NON DECEDUTO;;
5321456;18;11/03/2021 14:10:00;Strada Urbana;VIA S. SOTERO;in corrispondenza;;del civico n.;27;;Investimento di pedone;Rettilineo;Una carreggiata a senso unico di marcia;Asciutto;Asfaltata;Verticale ed orizzontale;Sereno;Scarso;Buona;;1;0;0;1;12.4444;41.8963;-1;1;Autovettura privata;In marcia / fermata / arresto;Conducente;M;Illeso;0;;Non accertato;Inesploso
5321470;4;11/03/2021 17:30:00;Statale entro l'abitato;VIA SALARIA;da specificare;;;;dir. centro altezza Ponte Salario;Tamponamento Multiplo;Curva a visuale libera;Due carreggiate;Asciutto;Asfaltata;Orizzontale;Sereno;Intenso;Buona;;2;0;0;3;13.0816;42.4174;-1;1;Autovettura privata;In marcia / fermata / arresto;Conducente;M;Illeso;0;;Non accertato;
5321470;4;11/03/2021 17:30:00;Statale entro l'abitato;VIA SALARIA;da specificare;;;;dir. centro altezza Ponte Salario;Tamponamento Multiplo;Curva a visuale libera;Due carreggiate;Asciutto;Asfaltata;Orizzontale;Sereno;Intenso;Buona;;2;0;0;3;13.0816;42.4174;-1;2;Autovettura privata;In marcia / fermata / arresto;Conducente;M;Rimandato;0;NON DECEDUTO;Non accertato;
5321470;4;11/03/2021 17:30:00;Statale entro l'abitato;VIA SALARIA;da specificare;;;;dir. centro altezza Ponte Salario;Tamponamento Multiplo;Curva a visuale libera;Due carreggiate;Asciutto;Asfaltata;Orizzontale;Sereno;Intenso;Buona;;2;0;0;3;13.0816;42.4174;-1;2;Autovettura privata;In marcia / fermata / arresto;Passeggero;M;Illeso;0;;Non accertato;Inesploso
5321470;4;11/03/2021 17:30:00;Statale entro l'abitato;VIA SALARIA;da specificare;;;;dir. centro altezza Ponte Salario;Tamponamento Multiplo;Curva a visuale libera;Due carreggiate;Asciutto;Asfaltata;Orizzontale;Sereno;Intenso;Buona;;2;0;0;3;13.0816;42.4174;-1;2;Autovettura privata;In marcia / fermata / arresto;Passeggero;M;Rimandato;0;NON DECEDUTO;;
5321470;4;11/03/2021 17:30:00;Statale entro l'abitato;VIA SALARIA;da specificare;;;;dir. centro altezza Ponte Salario;Tamponamento Multiplo;Curva a visuale libera;Due carreggiate;Asciutto;Asfaltata;Orizzontale;Sereno;Intenso;Buona;;2;0;0;3;13.0816;42.4174;-1;3;Autovettura privata;In marcia / fermata / arresto;Conducente;M;Illeso;0;;;
5321494;17;11/03/2021 19:41:00;Strada Urbana;PIAZZA DELLA LIBERTA';in prossimit�;;del palo luce n.;30;;Veicolo in marcia contro veicolo arresto;Rettilineo;Una carreggiata a doppio senso;Asciutto;Asfaltata;Verticale ed orizzontale;Sereno;Normale;Sufficiente;;0;0;0;2;12.4711;41.9086;-1;1;Autovettura privata;In marcia / fermata / arresto;Conducente;F;Illeso;0;;;
5321494;17;11/03/2021 19:41:00;Strada Urbana;PIAZZA DELLA LIBERTA';in prossimit�;;del palo luce n.;30;;Veicolo in marcia contro veicolo arresto;Rettilineo;Una carreggiata a doppio senso;Asciutto;Asfaltata;Verticale ed orizzontale;Sereno;Normale;Sufficiente;;0;0;0;2;12.4711;41.9086;-1;2;Autovettura privata;Allontanatosi;Conducente;;Illeso;0;;;
5321529;13;11/03/2021 11:45:00;Strada Urbana;VIA ESCHILO;all'intersezione con;VIA ALCEO;VIA ALCEO;;;Scontro frontale/laterale SX fra veicoli in marcia;Incrocio;Una carreggiata a doppio senso;Asciutto;Asfaltata;Verticale ed orizzontale;Sereno;Normale;Buona;;1;0;0;1;12.3661;41.7537;-1;1;Autovettura privata;In marcia / fermata / arresto;Conducente;F;Rimandato;0;NON DECEDUTO;Non accertato;Inesploso
5321529;13;11/03/2021 11:45:00;Strada Urbana;VIA ESCHILO;all'intersezione con;VIA ALCEO;VIA ALCEO;;;Scontro frontale/laterale SX fra veicoli in marcia;Incrocio;Una carreggiata a doppio senso;Asciutto;Asfaltata;Verticale ed orizzontale;Sereno;Normale;Buona;;1;0;0;1;12.3661;41.7537;-1;2;Autovettura privata;In marcia / fermata / arresto;Conducente;M;Illeso;0;;Non accertato;Inesploso
5321551;13;11/03/2021 16:30:00;Strada Urbana;VIA FRANCESCO DONATI;all'intersezione con;VIA GIOVANNI DELLA PENNA;VIA GIOVANNI DELLA PENNA;;;Scontro laterale fra veicoli in marcia;Incrocio;Una carreggiata a senso unico di marcia;Asciutto;Asfaltata;Verticale;Sereno;Normale;Buona;;0;0;0;3;12.3424;41.7786;-1;1;Autovettura privata;In marcia / fermata / arresto;Conducente;M;Illeso;0;;Non accertato;Inesploso
5321551;13;11/03/2021 16:30:00;Strada Urbana;VIA FRANCESCO DONATI;all'intersezione con;VIA GIOVANNI DELLA PENNA;VIA GIOVANNI DELLA PENNA;;;Scontro laterale fra veicoli in marcia;Incrocio;Una carreggiata a senso unico di marcia;Asciutto;Asfaltata;Verticale;Sereno;Normale;Buona;;0;0;0;3;12.3424;41.7786;-1;2;Autovettura privata;In marcia / fermata / arresto;Conducente;F;Illeso;0;;Non accertato;Inesploso
5321551;13;11/03/2021 16:30:00;Strada Urbana;VIA FRANCESCO DONATI;all'intersezione con;VIA GIOVANNI DELLA PENNA;VIA GIOVANNI DELLA PENNA;;;Scontro laterale fra veicoli in marcia;Incrocio;Una carreggiata a senso unico di marcia;Asciutto;Asfaltata;Verticale;Sereno;Normale;Buona;;0;0;0;3;12.3424;41.7786;-1;2;Autovettura privata;In marcia / fermata / arresto;Passeggero;F;Illeso;0;;Non accertato;Inesploso
5321560;12;11/03/2021 06:50:00;Provinciale;VIA ARDEATINA;in prossimit�;;della chilometrica;18.1;;Veicolo in marcia contro ostacolo accidentale;Rettilineo;Una carreggiata a doppio senso;Asciutto;Con buche;Verticale ed orizzontale;Sereno;Normale;Buona;;0;0;0;1;12.5255;41.8131;-1;1;Autovettura privata;In marcia / fermata / arresto;Conducente;M;Illeso;0;;Utilizzato;Inesploso
5321599;12;11/03/2021 11:10:00;Strada Urbana;VIA LUIGI CHIARINI;da specificare;;;;fronte Vicolo di Valleranello;Scontro laterale fra veicoli in marcia;Rettilineo;Una carreggiata a doppio senso;Asciutto;Asfaltata;Verticale ed orizzontale;Sereno;Scarso;Buona;;1;0;0;1;12.4649;41.7944;-1;1;Autovettura privata;In marcia / fermata / arresto;Conducente;M;Rimandato;0;NON DECEDUTO;Non accertato;
5321599;12;11/03/2021 11:10:00;Strada Urbana;VIA LUIGI CHIARINI;da specificare;;;;fronte Vicolo di Valleranello;Scontro laterale fra veicoli in marcia;Rettilineo;Una carreggiata a doppio senso;Asciutto;Asfaltata;Verticale ed orizzontale;Sereno;Scarso;Buona;;1;0;0;1;12.4649;41.7944;-1;2;Autovettura privata;In marcia / fermata / arresto;Conducente;M;Illeso;0;;;
5321603;4;11/03/2021 19:20:00;Provinciale entro l'abitato;VIA NOMENTANA;in corrispondenza;;della chilometrica;12.6;;Scontro frontale/laterale SX fra veicoli in marcia;Rettilineo;Una carreggiata a doppio senso;Asciutto;Asfaltata;Orizzontale;Sereno;Normale;Sufficiente;;0;0;0;4;12.6132;41.9724;-1;1;Autovettura privata;In marcia / fermata / arresto;Conducente;M;Illeso;0;;;
5321603;4;11/03/2021 19:20:00;Provinciale entro l'abitato;VIA NOMENTANA;in corrispondenza;;della chilometrica;12.6;;Scontro frontale/laterale SX fra veicoli in marcia;Rettilineo;Una carreggiata a doppio senso;Asciutto;Asfaltata;Orizzontale;Sereno;Normale;Sufficiente;;0;0;0;4;12.6132;41.9724;-1;1;Autovettura privata;In marcia / fermata / arresto;Passeggero;F;Illeso;0;;;
5321603;4;11/03/2021 19:20:00;Provinciale entro l'abitato;VIA NOMENTANA;in corrispondenza;;della chilometrica;12.6;;Scontro frontale/laterale SX fra veicoli in marcia;Rettilineo;Una carreggiata a doppio senso;Asciutto;Asfaltata;Orizzontale;Sereno;Normale;Sufficiente;;0;0;0;4;12.6132;41.9724;-1;2;Autobus di linea;In marcia / fermata / arresto;Conducente;M;Illeso;0;;;
5321603;4;11/03/2021 19:20:00;Provinciale entro l'abitato;VIA NOMENTANA;in corrispondenza;;della chilometrica;12.6;;Scontro frontale/laterale SX fra veicoli in marcia;Rettilineo;Una carreggiata a doppio senso;Asciutto;Asfaltata;Orizzontale;Sereno;Normale;Sufficiente;;0;0;0;4;12.6132;41.9724;-1;3;Motociclo a solo;In marcia / fermata / arresto;Conducente;M;Illeso;0;;;
5321606;2;11/03/2021 14:10:00;Strada Urbana;VIALE MARESCIALLO PILSUDSKI;all'intersezione con;VIA GUIDUBALDO DEL MONTE;VIA GUIDUBALDO DEL MONTE;;;Scontro frontale fra veicoli in marcia;Intersezione semaforizzata;Due carreggiate;Asciutto;Asfaltata;Verticale ed orizzontale;Sereno;Normale;Buona;;1;0;0;2;12.475;41.9275;-1;1;Autovettura privata;In marcia / fermata / arresto;Conducente;M;Illeso;0;;Non accertato;Inesploso
5321606;2;11/03/2021 14:10:00;Strada Urbana;VIALE MARESCIALLO PILSUDSKI;all'intersezione con;VIA GUIDUBALDO DEL MONTE;VIA GUIDUBALDO DEL MONTE;;;Scontro frontale fra veicoli in marcia;Intersezione semaforizzata;Due carreggiate;Asciutto;Asfaltata;Verticale ed orizzontale;Sereno;Normale;Buona;;1;0;0;2;12.475;41.9275;-1;1;Autovettura privata;In marcia / fermata / arresto;Passeggero;M;Illeso;0;;Non accertato;Inesploso
5321606;2;11/03/2021 14:10:00;Strada Urbana;VIALE MARESCIALLO PILSUDSKI;all'intersezione con;VIA GUIDUBALDO DEL MONTE;VIA GUIDUBALDO DEL MONTE;;;Scontro frontale fra veicoli in marcia;Intersezione semaforizzata;Due carreggiate;Asciutto;Asfaltata;Verticale ed orizzontale;Sereno;Normale;Buona;;1;0;0;2;12.475;41.9275;-1;2;Motociclo a solo;In marcia / fermata / arresto;Conducente;M;Rimandato;0;NON DECEDUTO;Non accertato;
5321630;15;11/03/2021 19:50:00;Strada Urbana;VIA DELLA CASETTA MATTEI;da specificare;;;;fronte civico 335;Infortunio per sola frenata improvvisa;Rettilineo;Una carreggiata a doppio senso;Asciutto;Asfaltata;Temporanea di cantiere;Sereno;Scarso;Buona;;1;0;0;0;12.4196;41.8579;-1;1;Motociclo a solo;In marcia / fermata / arresto;Conducente;M;Rifiuta cure immediate;0;NON DECEDUTO;Non accertato;
5321631;2;11/03/2021 07:50:00;Strada Urbana;VIALE PARIOLI;da specificare;;;;in prossimit� di Via C.Stuparich.;Scontro laterale fra veicoli in marcia;Rettilineo;Una carreggiata a doppio senso;Asciutto;Asfaltata;Orizzontale;Sereno;Normale;Buona;;0;0;0;3;12.4874;41.9258;-1;1;Autocarro inferiore 35 q.;In marcia / fermata / arresto;Conducente;M;Illeso;0;;Non accertato;Inesploso
5321631;2;11/03/2021 07:50:00;Strada Urbana;VIALE PARIOLI;da specificare;;;;in prossimit� di Via C.Stuparich.;Scontro laterale fra veicoli in marcia;Rettilineo;Una carreggiata a doppio senso;Asciutto;Asfaltata;Orizzontale;Sereno;Normale;Buona;;0;0;0;3;12.4874;41.9258;-1;1;Autocarro inferiore 35 q.;In marcia / fermata / arresto;Passeggero;M;Illeso;0;;Non accertato;Inesploso
5321631;2;11/03/2021 07:50:00;Strada Urbana;VIALE PARIOLI;da specificare;;;;in prossimit� di Via C.Stuparich.;Scontro laterale fra veicoli in marcia;Rettilineo;Una carreggiata a doppio senso;Asciutto;Asfaltata;Orizzontale;Sereno;Normale;Buona;;0;0;0;3;12.4874;41.9258;-1;2;Motociclo a solo;In marcia / fermata / arresto;Conducente;M;Illeso;0;;Non accertato;
5321638;6;12/03/2021 07:50:00;Strada Urbana;VIA CASILINA;in corrispondenza;;del civico n.;315/A;;Scontro laterale fra veicoli in marcia;Rettilineo;Due carreggiate;Asciutto;Asfaltata;Verticale ed orizzontale;Nuvoloso;Intenso;Buona;;0;0;0;3;12.5344;41.8829;-1;1;Autovettura privata;In marcia / fermata / arresto;Conducente;M;Illeso;0;;;
5321638;6;12/03/2021 07:50:00;Strada Urbana;VIA CASILINA;in corrispondenza;;del civico n.;315/A;;Scontro laterale fra veicoli in marcia;Rettilineo;Due carreggiate;Asciutto;Asfaltata;Verticale ed orizzontale;Nuvoloso;Intenso;Buona;;0;0;0;3;12.5344;41.8829;-1;2;Autovettura privata;In marcia / fermata / arresto;Conducente;M;Illeso;0;;;
5321638;6;12/03/2021 07:50:00;Strada Urbana;VIA CASILINA;in corrispondenza;;del civico n.;315/A;;Scontro laterale fra veicoli in marcia;Rettilineo;Due carreggiate;Asciutto;Asfaltata;Verticale ed orizzontale;Nuvoloso;Intenso;Buona;;0;0;0;3;12.5344;41.8829;-1;2;Autovettura privata;In marcia / fermata / arresto;Passeggero;M;Illeso;0;;;
5321640;15;11/03/2021 10:00:00;Strada Urbana;VIA DELLA MAGLIANA;in prossimit�;;del civico n.;165A;;Tamponamento;Rettilineo;Una carreggiata a doppio senso;Asciutto;Asfaltata;Verticale ed orizzontale;Nebbia;Normale;Buona;;0;0;0;4;12.4595;41.852;-1;1;Autovettura privata;In marcia / fermata / arresto;Conducente;M;Illeso;0;;Non utilizzato;Inesploso
5321640;15;11/03/2021 10:00:00;Strada Urbana;VIA DELLA MAGLIANA;in prossimit�;;del civico n.;165A;;Tamponamento;Rettilineo;Una carreggiata a doppio senso;Asciutto;Asfaltata;Verticale ed orizzontale;Nebbia;Normale;Buona;;0;0;0;4;12.4595;41.852;-1;2;Autovettura privata;In marcia / fermata / arresto;Conducente;M;Illeso;0;;;Inesploso
5321640;15;11/03/2021 10:00:00;Strada Urbana;VIA DELLA MAGLIANA;in prossimit�;;del civico n.;165A;;Tamponamento;Rettilineo;Una carreggiata a doppio senso;Asciutto;Asfaltata;Verticale ed orizzontale;Nebbia;Normale;Buona;;0;0;0;4;12.4595;41.852;-1;2;Autovettura privata;In marcia / fermata / arresto;Passeggero;M;Illeso;0;;Non accertato;
5321640;15;11/03/2021 10:00:00;Strada Urbana;VIA DELLA MAGLIANA;in prossimit�;;del civico n.;165A;;Tamponamento;Rettilineo;Una carreggiata a doppio senso;Asciutto;Asfaltata;Verticale ed orizzontale;Nebbia;Normale;Buona;;0;0;0;4;12.4595;41.852;-1;2;Autovettura privata;In marcia / fermata / arresto;Passeggero;M;Illeso;0;;Non accertato;
5321644;2;11/03/2021 20:20:00;Strada Urbana;VIALE DEL MURO TORTO;da specificare;;;;ALT. USCITA METRO SPAGNA DIR. TIBURTINA;Veicolo in marcia contro ostacolo fisso;Rettilineo;Due carreggiate;Asciutto;Asfaltata;Verticale ed orizzontale;Sereno;Normale;Buona;;0;0;0;2;12.4817;41.9107;-1;1;Autovettura privata;In marcia / fermata / arresto;Conducente;F;Illeso;0;;;