Protocollo;Gruppo;DataOraIncidente;Localizzazione1;STRADA1;Localizzazione2;STRADA2;Strada02;Chilometrica;DaSpecificare;NaturaIncidente;particolaritastrade;TipoStrada;FondoStradale;Pavimentazione;Segnaletica;CondizioneAtmosferica;Traffico;Visibilita;Illuminazione;NUM_FERITI;NUM_RISERVATA;NUM_MORTI;NUM_ILLESI;Longitudine;Latitudine;Confermato;Progressivo;TipoVeicolo;StatoVeicolo;TipoPersona;Sesso;Tipolesione;Deceduto;DecedutoDopo;CinturaCascoUtilizzato;Airbag;
5325207;8;14/03/2021 16:20:00;Strada Urbana;VIA DI LUNGHEZZINA;da specificare;;;;ingresso A24;Veicolo in marcia che urta buche nella carreggiata;Rettilineo;Una carreggiata a doppio senso;Asciutto;Asfaltata;Orizzontale;Nuvoloso;Normale;Buona;;0;0;0;2;12.707;41.9296;-1;1;Autovettura privata;In marcia / fermata / arresto;Conducente;M;Illeso;0;;Non accertato;Inesploso
5325207;8;14/03/2021 16:20:00;Strada Urbana;VIA DI LUNGHEZZINA;da specificare;;;;ingresso A24;Veicolo in marcia che urta buche nella carreggiata;Rettilineo;Una carreggiata a doppio senso;Asciutto;Asfaltata;Orizzontale;Nuvoloso;Normale;Buona;;0;0;0;2;12.707;41.9296;-1;1;Autovettura privata;In marcia / fermata / arresto;Passeggero;F;Illeso;0;;Non accertato;Inesploso
5325209;8;14/03/2021 17:10:00;Strada Urbana;VIA MANDANICI;da specificare;;;;alt.palo ACEA 86 pross.inters.v.Guardia Piemontese;Scontro frontale fra veicoli in marcia;Rettilineo;Una carreggiata a doppio senso;Asciutto;Asfaltata;Assente;Sereno;Scarso;Buona;;1;0;0;3;12.6836;41.8685;-1;1;Autovettura privata;In marcia / fermata / arresto;Conducente;F;Illeso;0;;Non accertato;Inesploso
5325209;8;14/03/2021 17:10:00;Strada Urbana;VIA MANDANICI;da specificare;;;;alt.palo ACEA 86 pross.inters.v.Guardia Piemontese;Scontro frontale fra veicoli in marcia;Rettilineo;Una carreggiata a doppio senso;Asciutto;Asfaltata;Assente;Sereno;Scarso;Buona;;1;0;0;3;12.6836;41.8685;-1;1;Autovettura privata;In marcia / fermata / arresto;Passeggero;F;Illeso;0;;Non accertato;Inesploso
5325209;8;14/03/2021 17:10:00;Strada Urbana;VIA MANDANICI;da specificare;;;;alt.palo ACEA 86 pross.inters.v.Guardia Piemontese;Scontro frontale fra veicoli in marcia;Rettilineo;Una carreggiata a doppio senso;Asciutto;Asfaltata;Assente;Sereno;Scarso;Buona;;1;0;0;3;12.6836;41.8685;-1;2;Autovettura privata;In marcia / fermata / arresto;Conducente;M;Illeso;0;;Non accertato;Inesploso
5325209;8;14/03/2021 17:10:00;Strada Urbana;VIA MANDANICI;da specificare;;;;alt.palo ACEA 86 pross.inters.v.Guardia Piemontese;Scontro frontale fra veicoli in marcia;Rettilineo;Una carreggiata a doppio senso;Asciutto;Asfaltata;Assente;Sereno;Scarso;Buona;;1;0;0;3;12.6836;41.8685;-1;2;Autovettura privata;In marcia / fermata / arresto;Passeggero;F;Rimandato;0;NON DECEDUTO;Non accertato;Inesploso
5325212;8;14/03/2021 19:00:00;Strada Urbana;VIA DEL CORVIO;all'intersezione con;VIA DELLA FONTANA DEL FINOCCHIO;VIA DELLA FONTANA DEL FINOCCHIO;;;Scontro laterale fra veicoli in marcia;Incrocio;Una carreggiata a doppio senso;Asciutto;Asfaltata;Verticale;Nuvoloso;Scarso;Sufficiente;;0;0;0;2;12.6895;41.855;-1;1;Autovettura privata;In marcia / fermata / arresto;Conducente;M;Illeso;0;;;
5325212;8;14/03/2021 19:00:00;Strada Urbana;VIA DEL CORVIO;all'intersezione con;VIA DELLA FONTANA DEL FINOCCHIO;VIA DELLA FONTANA DEL FINOCCHIO;;;Scontro laterale fra veicoli in marcia;Incrocio;Una carreggiata a doppio senso;Asciutto;Asfaltata;Verticale;Nuvoloso;Scarso;Sufficiente;;0;0;0;2;12.6895;41.855;-1;2;Autovettura privata;In marcia / fermata / arresto;Conducente;M;Illeso;0;;;
5325214;8;14/03/2021 20:30:00;Strada Urbana;VIA DELLE RONDINI;in prossimit�;;del civico n.;179;;Investimento di pedone;Curva a visuale libera;Una carreggiata a doppio senso;Asciutto;Asfaltata;Orizzontale;Sereno;Scarso;Buona;;1;0;0;0;12.5966;41.8596;-1;;;;Pedone;M;Rimandato;0;NON DECEDUTO;;
5325214;8;14/03/2021 20:30:00;Strada Urbana;VIA DELLE RONDINI;in prossimit�;;del civico n.;179;;Investimento di pedone;Curva a visuale libera;Una carreggiata a doppio senso;Asciutto;Asfaltata;Orizzontale;Sereno;Scarso;Buona;;1;0;0;0;12.5966;41.8596;-1;1;Motociclo a solo;In marcia / fermata / arresto;;;;;;;
5325216;9;13/03/2021 09:20:00;Strada Urbana;VIA LATINA;in prossimit�;;del civico n.;238;;Scontro frontale/laterale DX fra veicoli in marcia;Rettilineo;Una carreggiata a senso unico di marcia;Asciutto;Asfaltata;Verticale ed orizzontale;Sereno;Scarso;Buona;;1;0;0;2;12.5169;41.872;-1;1;Motociclo con passeggero;In marcia / fermata / arresto;Conducente;M;Illeso;0;;Non accertato;
5325216;9;13/03/2021 09:20:00;Strada Urbana;VIA LATINA;in prossimit�;;del civico n.;238;;Scontro frontale/laterale DX fra veicoli in marcia;Rettilineo;Una carreggiata a senso unico di marcia;Asciutto;Asfaltata;Verticale ed orizzontale;Sereno;Scarso;Buona;;1;0;0;2;12.5169;41.872;-1;1;Motociclo con passeggero;In marcia / fermata / arresto;Passeggero;F;Rimandato;0;NON DECEDUTO;Non accertato;
5325216;9;13/03/2021 09:20:00;Strada Urbana;VIA LATINA;in prossimit�;;del civico n.;238;;Scontro frontale/laterale DX fra veicoli in marcia;Rettilineo;Una carreggiata a senso unico di marcia;Asciutto;Asfaltata;Verticale ed orizzontale;Sereno;Scarso;Buona;;1;0;0;2;12.5169;41.872;-1;2;Autovettura privata;In marcia / fermata / arresto;Conducente;M;Illeso;0;;Non accertato;Inesploso
5325222;4;12/03/2021 17:15:00;Strada Urbana;VIA DELLA BUFALOTTA;all'intersezione con;VIA FRANCO SIMONGINI;VIA FRANCO SIMONGINI;;;Scontro laterale fra veicoli in marcia;Rotatoria;Una carreggiata a doppio senso;Asciutto;Asfaltata;Verticale ed orizzontale;Sereno;Normale;Buona;;0;0;0;2;12.547;41.9607;-1;1;Autovettura privata;In marcia / fermata / arresto;Conducente;F;Illeso;0;;;
5325222;4;12/03/2021 17:15:00;Strada Urbana;VIA DELLA BUFALOTTA;all'intersezione con;VIA FRANCO SIMONGINI;VIA FRANCO SIMONGINI;;;Scontro laterale fra veicoli in marcia;Rotatoria;Una carreggiata a doppio senso;Asciutto;Asfaltata;Verticale ed orizzontale;Sereno;Normale;Buona;;0;0;0;2;12.547;41.9607;-1;2;Autocarro inferiore 35 q.;In marcia / fermata / arresto;Conducente;M;Illeso;0;;;
5325224;4;12/03/2021 13:15:00;Strada Urbana;VIA DELLE ISOLE CURZOLANE;da specificare;;;;prossimit� via Valle Melaina;Scontro laterale fra veicoli in marcia;Rettilineo;Due carreggiate;Asciutto;Asfaltata;Verticale ed orizzontale;Sereno;Normale;Buona;;0;0;0;2;12.532;41.9488;-1;1;Autobus urbano;In marcia / fermata / arresto;Conducente;M;Illeso;0;;Non accertato;
5325224;4;12/03/2021 13:15:00;Strada Urbana;VIA DELLE ISOLE CURZOLANE;da specificare;;;;prossimit� via Valle Melaina;Scontro laterale fra veicoli in marcia;Rettilineo;Due carreggiate;Asciutto;Asfaltata;Verticale ed orizzontale;Sereno;Normale;Buona;;0;0;0;2;12.532;41.9488;-1;2;Autovettura privata;In marcia / fermata / arresto;Conducente;M;Illeso;0;;Non accertato;
5325224;4;12/03/2021 13:15:00;Strada Urbana;VIA DELLE ISOLE CURZOLANE;da specificare;;;;prossimit� via Valle Melaina;Scontro laterale fra veicoli in marcia;Rettilineo;Due carreggiate;Asciutto;Asfaltata;Verticale ed orizzontale;Sereno;Normale;Buona;;0;0;0;2;12.532;41.9488;-1;3;Autovettura privata;Sosta;;;;;;;
5325228;15;14/03/2021 20:20:00;Strada Urbana;VIALE CRISTOFORO COLOMBO;all'intersezione semaforizzata con;VIALE EUROPA;VIALE EUROPA;;;Scontro frontale/laterale DX fra veicoli in marcia;Intersezione semaforizzata;Pi� di due carreggiate;Asciutto;Asfaltata;Orizzontale;Nuvoloso;Normale;Buona;;1;0;0;1;12.4536;41.8089;-1;1;Quadriciclo leggero;In marcia / fermata / arresto;Conducente;F;Illeso;0;;Non accertato;
5325228;15;14/03/2021 20:20:00;Strada Urbana;VIALE CRISTOFORO COLOMBO;all'intersezione semaforizzata con;VIALE EUROPA;VIALE EUROPA;;;Scontro frontale/laterale DX fra veicoli in marcia;Intersezione semaforizzata;Pi� di due carreggiate;Asciutto;Asfaltata;Orizzontale;Nuvoloso;Normale;Buona;;1;0;0;1;12.4536;41.8089;-1;2;Motociclo a solo;In marcia / fermata / arresto;Conducente;M;Rimandato;0;NON DECEDUTO;Non accertato;
5325235;9;13/03/2021 18:15:00;Strada Urbana;VIA DEMETRIADE;in prossimit�;;del civico n.;50;;Tamponamento;Curva a visuale libera;Una carreggiata a senso unico di marcia;Asciutto;Asfaltata;Verticale ed orizzontale;Nuvoloso;Normale;Buona;;1;0;0;2;12.5405;41.8633;-1;1;Autovettura privata;In marcia / fermata / arresto;Conducente;M;Rimandato;0;NON DECEDUTO;Non accertato;Inesploso
5325235;9;13/03/2021 18:15:00;Strada Urbana;VIA DEMETRIADE;in prossimit�;;del civico n.;50;;Tamponamento;Curva a visuale libera;Una carreggiata a senso unico di marcia;Asciutto;Asfaltata;Verticale ed orizzontale;Nuvoloso;Normale;Buona;;1;0;0;2;12.5405;41.8633;-1;2;Autovettura privata;In marcia / fermata / arresto;Conducente;F;Illeso;0;;Non accertato;Inesploso
5325235;9;13/03/2021 18:15:00;Strada Urbana;VIA DEMETRIADE;in prossimit�;;del civico n.;50;;Tamponamento;Curva a visuale libera;Una carreggiata a senso unico di marcia;Asciutto;Asfaltata;Verticale ed orizzontale;Nuvoloso;Normale;Buona;;1;0;0;2;12.5405;41.8633;-1;2;Autovettura privata;In marcia / fermata / arresto;Passeggero;M;Illeso;0;;Non accertato;Inesploso
5325239;20;12/03/2021 08:30:00;Statale entro l'abitato;VIA CASSIA;all'intersezione con;VIA ANTONIO BATTILOCCHI;VIA ANTONIO BATTILOCCHI;;;Tamponamento;Incrocio;Una carreggiata a doppio senso;Asciutto;Asfaltata;Verticale ed orizzontale;Nuvoloso;Scarso;Buona;;0;0;0;4;12.4137;41.9828;-1;1;Autovettura privata;In marcia / fermata / arresto;Conducente;M;Illeso;0;;Non accertato;
5325239;20;12/03/2021 08:30:00;Statale entro l'abitato;VIA CASSIA;all'intersezione con;VIA ANTONIO BATTILOCCHI;VIA ANTONIO BATTILOCCHI;;;Tamponamento;Incrocio;Una carreggiata a doppio senso;Asciutto;Asfaltata;Verticale ed orizzontale;Nuvoloso;Scarso;Buona;;0;0;0;4;12.4137;41.9828;-1;2;Autovettura privata;In marcia / fermata / arresto;Conducente;F;Illeso;0;;Non accertato;
5325239;20;12/03/2021 08:30:00;Statale entro l'abitato;VIA CASSIA;all'intersezione con;VIA ANTONIO BATTILOCCHI;VIA ANTONIO BATTILOCCHI;;;Tamponamento;Incrocio;Una carreggiata a doppio senso;Asciutto;Asfaltata;Verticale ed orizzontale;Nuvoloso;Scarso;Buona;;0;0;0;4;12.4137;41.9828;-1;2;Autovettura privata;In marcia / fermata / arresto;Passeggero;M;Illeso;0;;Non accertato;
5325239;20;12/03/2021 08:30:00;Statale entro l'abitato;VIA CASSIA;all'intersezione con;VIA ANTONIO BATTILOCCHI;VIA ANTONIO BATTILOCCHI;;;Tamponamento;Incrocio;Una carreggiata a doppio senso;Asciutto;Asfaltata;Verticale ed orizzontale;Nuvoloso;Scarso;Buona;;0;0;0;4;12.4137;41.9828;-1;2;Autovettura privata;In marcia / fermata / arresto;Passeggero;M;Illeso;0;;Non accertato;
5325250;20;13/03/2021 22:20:00;Strada Urbana;VIA FLAMINIA NUOVA;in corrispondenza;;del civico n.;290;;Veicolo in marcia contro ostacolo fisso;Rettilineo;Due carreggiate;Asciutto;Asfaltata;Verticale ed orizzontale;Sereno;Scarso;Sufficiente;;1;0;0;0;12.4764;41.953;-1;1;Autovettura privata;In marcia / fermata / arresto;Conducente;M;Rimandato;0;NON DECEDUTO;;
5325254;15;14/03/2021 10:50:00;Strada Urbana;PIAZZA AUGUSTO RIGHI;all'intersezione semaforizzata con;PONTE GUGLIELMO MARCONI;PONTE GUGLIELMO MARCONI;;;Tamponamento;Intersezione semaforizzata;Una carreggiata a doppio senso;Asciutto;Asfaltata;Orizzontale;Nuvoloso;Intenso;Buona;;0;0;0;2;12.4701;41.8618;-1;1;Autovettura privata;In marcia / fermata / arresto;Conducente;M;Illeso;0;;Non accertato;Inesploso
5325254;15;14/03/2021 10:50:00;Strada Urbana;PIAZZA AUGUSTO RIGHI;all'intersezione semaforizzata con;PONTE GUGLIELMO MARCONI;PONTE GUGLIELMO MARCONI;;;Tamponamento;Intersezione semaforizzata;Una carreggiata a doppio senso;Asciutto;Asfaltata;Orizzontale;Nuvoloso;Intenso;Buona;;0;0;0;2;12.4701;41.8618;-1;2;Autovettura privata;In marcia / fermata / arresto;Conducente;M;Illeso;0;;Non utilizzato;Inesploso
5325256;17;13/03/2021 16:55:00;Strada Urbana;VIALE GIULIO CESARE;all'intersezione con;VIA PAOLO EMILIO;VIA PAOLO EMILIO;;;Scontro laterale fra veicoli in marcia;Incrocio;Pi� di due carreggiate;Asciutto;Asfaltata;Verticale ed orizzontale;Sereno;Normale;Buona;;1;0;0;2;12.4628;41.9104;-1;1;Autovettura privata;In marcia / fermata / arresto;Conducente;M;Illeso;0;;;
5325256;17;13/03/2021 16:55:00;Strada Urbana;VIALE GIULIO CESARE;all'intersezione con;VIA PAOLO EMILIO;VIA PAOLO EMILIO;;;Scontro laterale fra veicoli in marcia;Incrocio;Pi� di due carreggiate;Asciutto;Asfaltata;Verticale ed orizzontale;Sereno;Normale;Buona;;1;0;0;2;12.4628;41.9104;-1;1;Autovettura privata;In marcia / fermata / arresto;Passeggero;F;Illeso;0;;;
5325256;17;13/03/2021 16:55:00;Strada Urbana;VIALE GIULIO CESARE;all'intersezione con;VIA PAOLO EMILIO;VIA PAOLO EMILIO;;;Scontro laterale fra veicoli in marcia;Incrocio;Pi� di due carreggiate;Asciutto;Asfaltata;Verticale ed orizzontale;Sereno;Normale;Buona;;1;0;0;2;12.4628;41.9104;-1;2;Motociclo a solo;In marcia / fermata / arresto;Conducente;M;Rimandato;0;NON DECEDUTO;;
5325262;11;13/03/2021 13:00:00;Strada Urbana;VIA SILVIO D'AMICO;all'intersezione con;VIA GASPARE GOZZI;VIA GASPARE GOZZI;;;Scontro laterale fra veicoli in marcia;Intersezione semaforizzata;Due carreggiate;Asciutto;Asfaltata;Verticale ed orizzontale;Sereno;Normale;Buona;;0;0;0;2;12.4786;41.8521;-1;1;Autovettura privata;In marcia / fermata / arresto;Conducente;F;Illeso;0;;;
5325262;11;13/03/2021 13:00:00;Strada Urbana;VIA SILVIO D'AMICO;all'intersezione con;VIA GASPARE GOZZI;VIA GASPARE GOZZI;;;Scontro laterale fra veicoli in marcia;Intersezione semaforizzata;Due carreggiate;Asciutto;Asfaltata;Verticale ed orizzontale;Sereno;Normale;Buona;;0;0;0;2;12.4786;41.8521;-1;2;Autovettura privata;In marcia / fermata / arresto;Conducente;M;Illeso;0;;;
5325265;18;13/03/2021 18:00:00;Strada Urbana;VIALE DI VALLE AURELIA;in corrispondenza;;del civico n.;114;;Investimento di pedone;Rettilineo;Una carreggiata a doppio senso;Asciutto;Asfaltata;Orizzontale;Sereno;Normale;Buona;;1;0;0;1;12.4374;41.9048;-1;;;;Pedone;M;Rifiuta cure immediate;0;NON DECEDUTO;;
5325265;18;13/03/2021 18:00:00;Strada Urbana;VIALE DI VALLE AURELIA;in corrispondenza;;del civico n.;114;;Investimento di pedone;Rettilineo;Una carreggiata a doppio senso;Asciutto;Asfaltata;Orizzontale;Sereno;Normale;Buona;;1;0;0;1;12.4374;41.9048;-1;1;Autovettura privata;In marcia / fermata / arresto;Conducente;M;Illeso;0;;;
5325267;9;13/03/2021 20:05:00;Strada Urbana;VIA GALLARATE;all'intersezione semaforizzata con;VIA CASILINA;VIA CASILINA;;;Scontro frontale/laterale DX fra veicoli in marcia;Intersezione semaforizzata;Due carreggiate;Asciutto;Asfaltata;Verticale ed orizzontale;Nuvoloso;Normale;Buona;;0;0;0;2;12.5219;41.888;-1;1;Autovettura privata;In marcia / fermata / arresto;Conducente;M;Illeso;0;;Non accertato;Inesploso
5325267;9;13/03/2021 20:05:00;Strada Urbana;VIA GALLARATE;all'intersezione semaforizzata con;VIA CASILINA;VIA CASILINA;;;Scontro frontale/laterale DX fra veicoli in marcia;Intersezione semaforizzata;Due carreggiate;Asciutto;Asfaltata;Verticale ed orizzontale;Nuvoloso;Normale;Buona;;0;0;0;2;12.5219;41.888;-1;2;Autovettura privata;In marcia / fermata / arresto;Conducente;F;Illeso;0;;Non accertato;Inesploso
5325281;11;13/03/2021 06:50:00;Strada Urbana;VIA ARDEATINA;all'intersezione con;VIA DELLE SETTE CHIESE;VIA DELLE SETTE CHIESE;;;Scontro frontale/laterale SX fra veicoli in marcia;Incrocio;Una carreggiata a doppio senso;Asciutto;Asfaltata;Verticale ed orizzontale;Nuvoloso;Scarso;Buona;;2;0;0;0;12.509;41.8581;-1;1;Autovettura privata;In marcia / fermata / arresto;Conducente;F;Rimandato;0;NON DECEDUTO;Non accertato;
5325281;11;13/03/2021 06:50:00;Strada Urbana;VIA ARDEATINA;all'intersezione con;VIA DELLE SETTE CHIESE;VIA DELLE SETTE CHIESE;;;Scontro frontale/laterale SX fra veicoli in marcia;Incrocio;Una carreggiata a doppio senso;Asciutto;Asfaltata;Verticale ed orizzontale;Nuvoloso;Scarso;Buona;;2;0;0;0;12.509;41.8581;-1;2;Autovettura privata;In marcia / fermata / arresto;Conducente;M;Rimandato;0;NON DECEDUTO;Non accertato;
5325286;1;14/03/2021 17:05:00;Strada Urbana;VIA DEL CIRCO MASSIMO;da specificare;;;;altezza fermata Atac n. 70549;Investimento di pedone;Rettilineo;Una carreggiata a doppio senso;Asciutto;Asfaltata;Verticale ed orizzontale;Nuvoloso;Normale;Buona;;1;0;0;1;12.4868;41.8842;-1;;;;Pedone;F;Rimandato;0;NON DECEDUTO;;
5325286;1;14/03/2021 17:05:00;Strada Urbana;VIA DEL CIRCO MASSIMO;da specificare;;;;altezza fermata Atac n. 70549;Investimento di pedone;Rettilineo;Una carreggiata a doppio senso;Asciutto;Asfaltata;Verticale ed orizzontale;Nuvoloso;Normale;Buona;;1;0;0;1;12.4868;41.8842;-1;1;Autovettura privata;In marcia / fermata / arresto;Conducente;F;Illeso;0;;;
5325287;13;14/03/2021 19:35:00;Strada Urbana;CORSO DUCA DI GENOVA;all'intersezione con;VIA FRANCESCO GRENET;VIA FRANCESCO GRENET;;;Scontro frontale/laterale SX fra veicoli in marcia;Incrocio;Una carreggiata a doppio senso;Asciutto;Asfaltata;Verticale ed orizzontale;Nuvoloso;Normale;Sufficiente;;0;0;0;3;12.2667;41.7355;-1;1;Autovettura privata;In marcia / fermata / arresto;Conducente;M;Illeso;0;;;
5325287;13;14/03/2021 19:35:00;Strada Urbana;CORSO DUCA DI GENOVA;all'intersezione con;VIA FRANCESCO GRENET;VIA FRANCESCO GRENET;;;Scontro frontale/laterale SX fra veicoli in marcia;Incrocio;Una carreggiata a doppio senso;Asciutto;Asfaltata;Verticale ed orizzontale;Nuvoloso;Normale;Sufficiente;;0;0;0;3;12.2667;41.7355;-1;2;Quadriciclo leggero;In marcia / fermata / arresto;Conducente;M;Illeso;0;;;
5325287;13;14/03/2021 19:35:00;Strada Urbana;CORSO DUCA DI GENOVA;all'intersezione con;VIA FRANCESCO GRENET;VIA FRANCESCO GRENET;;;Scontro frontale/laterale SX fra veicoli in marcia;Incrocio;Una carreggiata a doppio senso;Asciutto;Asfaltata;Verticale ed orizzontale;Nuvoloso;Normale;Sufficiente;;0;0;0;3;12.2667;41.7355;-1;2;Quadriciclo leggero;In marcia / fermata / arresto;Passeggero;M;Illeso;0;;Non accertato;
5325288;20;12/03/2021 14:20:00;Strada Urbana;VIA BACCANO;in prossimit�;;del civico n.;29;;Scontro frontale fra veicoli in marcia;Curva senza visuale libera;Una carreggiata a doppio senso;Asciutto;Asfaltata;Assente;Sereno;Normale;Sufficiente;;0;0;0;4;12.4931;41.9961;-1;1;Autovettura privata;In marcia / fermata / arresto;Conducente;F;Illeso;0;;Non accertato;
5325288;20;12/03/2021 14:20:00;Strada Urbana;VIA BACCANO;in prossimit�;;del civico n.;29;;Scontro frontale fra veicoli in marcia;Curva senza visuale libera;Una carreggiata a doppio senso;Asciutto;Asfaltata;Assente;Sereno;Normale;Sufficiente;;0;0;0;4;12.4931;41.9961;-1;1;Autovettura privata;In marcia / fermata / arresto;Passeggero;F;Illeso;0;;Non accertato;Inesploso
5325288;20;12/03/2021 14:20:00;Strada Urbana;VIA BACCANO;in prossimit�;;del civico n.;29;;Scontro frontale fra veicoli in marcia;Curva senza visuale libera;Una carreggiata a doppio senso;Asciutto;Asfaltata;Assente;Sereno;Normale;Sufficiente;;0;0;0;4;12.4931;41.9961;-1;1;Autovettura privata;In marcia / fermata / arresto;Passeggero;M;Illeso;0;;Non accertato;Inesploso
5325288;20;12/03/2021 14:20:00;Strada Urbana;VIA BACCANO;in prossimit�;;del civico n.;29;;Scontro frontale fra veicoli in marcia;Curva senza visuale libera;Una carreggiata a doppio senso;Asciutto;Asfaltata;Assente;Sereno;Normale;Sufficiente;;0;0;0;4;12.4931;41.9961;-1;2;Motociclo a solo;In marcia / fermata / arresto;Conducente;M;Illeso;0;;Non accertato;
5325289;4;12/03/2021 19:00:00;Strada Urbana;VIA SUVERETO;all'intersezione semaforizzata con;VIA PODENZANA;VIA PODENZANA;;;Investimento di pedone;Intersezione semaforizzata;Due carreggiate;Asciutto;Asfaltata;Verticale ed orizzontale;Sereno;Normale;Sufficiente;;1;0;0;1;12.5206;41.9564;-1;;;;Pedone;F;Rimandato;0;NON DECEDUTO;;
5325289;4;12/03/2021 19:00:00;Strada Urbana;VIA SUVERETO;all'intersezione semaforizzata con;VIA PODENZANA;VIA PODENZANA;;;Investimento di pedone;Intersezione semaforizzata;Due carreggiate;Asciutto;Asfaltata;Verticale ed orizzontale;Sereno;Normale;Sufficiente;;1;0;0;1;12.5206;41.9564;-1;1;Autovettura privata;In marcia / fermata / arresto;Conducente;F;Illeso;0;;;
5325290;9;14/03/2021 08:05:00;Strada Urbana;VIA APPIA NUOVA;in corrispondenza;;del civico n.;223;;Scontro laterale fra veicoli in marcia;Rettilineo;Una carreggiata a senso unico di marcia;Asciutto;Asfaltata;Verticale ed orizzontale;Sereno;Scarso;Buona;;0;0;0;2;12.5174;41.8794;-1;1;Autobus di linea;In marcia / fermata / arresto;Conducente;M;Illeso;0;;Non accertato;Inesploso
5325290;9;14/03/2021 08:05:00;Strada Urbana;VIA APPIA NUOVA;in corrispondenza;;del civico n.;223;;Scontro laterale fra veicoli in marcia;Rettilineo;Una carreggiata a senso unico di marcia;Asciutto;Asfaltata;Verticale ed orizzontale;Sereno;Scarso;Buona;;0;0;0;2;12.5174;41.8794;-1;2;Autovettura privata;In marcia / fermata / arresto;Conducente;F;Illeso;0;;Non accertato;Inesploso
5325292;18;14/03/2021 14:50:00;Strada Urbana;VIA DI CASAL SELCE;all'intersezione con;VIA AUGUSTO GRAZIANI;VIA AUGUSTO GRAZIANI;;;Scontro frontale/laterale DX fra veicoli in marcia;Intersezione stradale segnalata;Una carreggiata a doppio senso;Asciutto;Asfaltata;Verticale ed orizzontale;Sereno;Normale;Sufficiente;;0;0;0;2;12.3534;41.9184;-1;1;Autovettura privata;In marcia / fermata / arresto;Conducente;M;Illeso;0;;;Esploso
5325292;18;14/03/2021 14:50:00;Strada Urbana;VIA DI CASAL SELCE;all'intersezione con;VIA AUGUSTO GRAZIANI;VIA AUGUSTO GRAZIANI;;;Scontro frontale/laterale DX fra veicoli in marcia;Intersezione stradale segnalata;Una carreggiata a doppio senso;Asciutto;Asfaltata;Verticale ed orizzontale;Sereno;Normale;Sufficiente;;0;0;0;2;12.3534;41.9184;-1;2;Autovettura privata;In marcia / fermata / arresto;Conducente;F;Illeso;0;;Non accertato;Inesistente
5325293;20;13/03/2021 14:55:00;Provinciale;VIA BRACCIANENSE;in corrispondenza;;della chilometrica;7;;Veicolo in marcia contro ostacolo fisso;Curva a visuale libera;Una carreggiata a doppio senso;Asciutto;Asfaltata;Verticale ed orizzontale;Sereno;Scarso;Buona;;1;0;0;0;12.3653;42.0132;-1;1;Motociclo a solo;In marcia / fermata / arresto;Conducente;M;Rimandato;0;NON DECEDUTO;;
5325299;11;14/03/2021 20:45:00;Strada Urbana;VIA SALVATORE DI GIACOMO;all'intersezione con;VIA BONAVENTURA TECCHI;VIA BONAVENTURA TECCHI;;;Investimento di pedone;Incrocio;Una carreggiata a doppio senso;Asciutto;Asfaltata;Verticale ed orizzontale;Nuvoloso;Scarso;Sufficiente;;1;0;0;1;12.4869;41.8455;-1;;;;Pedone;F;Ricoverato;0;NON DECEDUTO;;
5325299;11;14/03/2021 20:45:00;Strada Urbana;VIA SALVATORE DI GIACOMO;all'intersezione con;VIA BONAVENTURA TECCHI;VIA BONAVENTURA TECCHI;;;Investimento di pedone;Incrocio;Una carreggiata a doppio senso;Asciutto;Asfaltata;Verticale ed orizzontale;Nuvoloso;Scarso;Sufficiente;;1;0;0;1;12.4869;41.8455;-1;1;Autovettura privata;In marcia / fermata / arresto;Conducente;M;Illeso;0;;Non accertato;
5325306;12;12/03/2021 14:38:00;Strada Urbana;PIAZZA MONTE DI TAI;da specificare;;;;viale della grande muraglia dir. Vle D.P. Borghi;Scontro laterale fra veicoli in marcia;Rotatoria;Una carreggiata a senso unico di marcia;Asciutto;Asfaltata;Verticale ed orizzontale;Nuvoloso;Normale;Buona;;0;0;0;3;12.4354;41.8073;-1;1;Autovettura privata;In marcia / fermata / arresto;Conducente;F;Illeso;0;;Non accertato;Inesploso
5325306;12;12/03/2021 14:38:00;Strada Urbana;PIAZZA MONTE DI TAI;da specificare;;;;viale della grande muraglia dir. Vle D.P. Borghi;Scontro laterale fra veicoli in marcia;Rotatoria;Una carreggiata a senso unico di marcia;Asciutto;Asfaltata;Verticale ed orizzontale;Nuvoloso;Normale;Buona;;0;0;0;3;12.4354;41.8073;-1;2;Autovettura privata;In marcia / fermata / arresto;Conducente;M;Illeso;0;;Non accertato;Inesploso
5325306;12;12/03/2021 14:38:00;Strada Urbana;PIAZZA MONTE DI TAI;da specificare;;;;viale della grande muraglia dir. Vle D.P. Borghi;Scontro laterale fra veicoli in marcia;Rotatoria;Una carreggiata a senso unico di marcia;Asciutto;Asfaltata;Verticale ed orizzontale;Nuvoloso;Normale;Buona;;0;0;0;3;12.4354;41.8073;-1;2;Autovettura privata;In marcia / fermata / arresto;Passeggero;F;Illeso;0;;Non accertato;Inesploso