Protocollo;Gruppo;DataOraIncidente;Localizzazione1;STRADA1;Localizzazione2;STRADA2;Strada02;Chilometrica;DaSpecificare;NaturaIncidente;particolaritastrade;TipoStrada;FondoStradale;Pavimentazione;Segnaletica;CondizioneAtmosferica;Traffico;Visibilita;Illuminazione;NUM_FERITI;NUM_RISERVATA;NUM_MORTI;NUM_ILLESI;Longitudine;Latitudine;Confermato;Progressivo;TipoVeicolo;StatoVeicolo;TipoPersona;Sesso;Tipolesione;Deceduto;DecedutoDopo;CinturaCascoUtilizzato;Airbag;
5325611;5;12/03/2021 16:45:00;Strada Urbana;VIA CARLO LORENZINI;da specificare;;;;prossimit� civico 67;Veicolo in marcia contro veicolo fermo;Rettilineo;Una carreggiata a senso unico di marcia;Asciutto;Asfaltata;Assente;Sereno;Normale;Buona;;0;0;0;2;12.5545;41.9455;-1;2;Autobus urbano;In marcia / fermata / arresto;Conducente;M;Illeso;0;;Non accertato;
5325639;16;13/03/2021 13:30:00;Strada Urbana;VIA LEONE XIII;in prossimit�;;del palo luce n.;26;;Scontro laterale fra veicoli in marcia;Rettilineo;Due carreggiate;Asciutto;Asfaltata;Verticale ed orizzontale;Sereno;Normale;Buona;;0;0;0;3;12.4404;41.8869;-1;1;Autovettura privata;In marcia / fermata / arresto;Conducente;F;Illeso;0;;Non accertato;Inesploso
5325639;16;13/03/2021 13:30:00;Strada Urbana;VIA LEONE XIII;in prossimit�;;del palo luce n.;26;;Scontro laterale fra veicoli in marcia;Rettilineo;Due carreggiate;Asciutto;Asfaltata;Verticale ed orizzontale;Sereno;Normale;Buona;;0;0;0;3;12.4404;41.8869;-1;1;Autovettura privata;In marcia / fermata / arresto;Passeggero;F;Illeso;0;;Non accertato;Inesploso
5325639;16;13/03/2021 13:30:00;Strada Urbana;VIA LEONE XIII;in prossimit�;;del palo luce n.;26;;Scontro laterale fra veicoli in marcia;Rettilineo;Due carreggiate;Asciutto;Asfaltata;Verticale ed orizzontale;Sereno;Normale;Buona;;0;0;0;3;12.4404;41.8869;-1;2;Autovettura privata;In marcia / fermata / arresto;Conducente;M;Illeso;0;;Non accertato;Inesploso
5325645;20;14/03/2021 18:45:00;Strada Urbana;VIA CASSIA;da specificare;;;;in prossimit� fonte palo ACEA 93;Tamponamento Multiplo;Rettilineo;Una carreggiata a doppio senso;Asciutto;Asfaltata;Verticale ed orizzontale;Nuvoloso;Intenso;Sufficiente;;1;0;0;8;12.4137;41.9828;-1;1;Autovettura privata;In marcia / fermata / arresto;Conducente;M;Illeso;0;;Non accertato;
5325645;20;14/03/2021 18:45:00;Strada Urbana;VIA CASSIA;da specificare;;;;in prossimit� fonte palo ACEA 93;Tamponamento Multiplo;Rettilineo;Una carreggiata a doppio senso;Asciutto;Asfaltata;Verticale ed orizzontale;Nuvoloso;Intenso;Sufficiente;;1;0;0;8;12.4137;41.9828;-1;1;Autovettura privata;In marcia / fermata / arresto;Passeggero;F;Rifiuta cure immediate;0;NON DECEDUTO;Non accertato;
5325645;20;14/03/2021 18:45:00;Strada Urbana;VIA CASSIA;da specificare;;;;in prossimit� fonte palo ACEA 93;Tamponamento Multiplo;Rettilineo;Una carreggiata a doppio senso;Asciutto;Asfaltata;Verticale ed orizzontale;Nuvoloso;Intenso;Sufficiente;;1;0;0;8;12.4137;41.9828;-1;1;Autovettura privata;In marcia / fermata / arresto;Passeggero;M;Illeso;0;;Non accertato;
5325645;20;14/03/2021 18:45:00;Strada Urbana;VIA CASSIA;da specificare;;;;in prossimit� fonte palo ACEA 93;Tamponamento Multiplo;Rettilineo;Una carreggiata a doppio senso;Asciutto;Asfaltata;Verticale ed orizzontale;Nuvoloso;Intenso;Sufficiente;;1;0;0;8;12.4137;41.9828;-1;2;Autovettura privata;In marcia / fermata / arresto;Conducente;M;Illeso;0;;;
5325645;20;14/03/2021 18:45:00;Strada Urbana;VIA CASSIA;da specificare;;;;in prossimit� fonte palo ACEA 93;Tamponamento Multiplo;Rettilineo;Una carreggiata a doppio senso;Asciutto;Asfaltata;Verticale ed orizzontale;Nuvoloso;Intenso;Sufficiente;;1;0;0;8;12.4137;41.9828;-1;3;Autovettura privata;In marcia / fermata / arresto;Conducente;M;Illeso;0;;Non accertato;
5325645;20;14/03/2021 18:45:00;Strada Urbana;VIA CASSIA;da specificare;;;;in prossimit� fonte palo ACEA 93;Tamponamento Multiplo;Rettilineo;Una carreggiata a doppio senso;Asciutto;Asfaltata;Verticale ed orizzontale;Nuvoloso;Intenso;Sufficiente;;1;0;0;8;12.4137;41.9828;-1;3;Autovettura privata;In marcia / fermata / arresto;Passeggero;M;Illeso;0;;Non accertato;
5325645;20;14/03/2021 18:45:00;Strada Urbana;VIA CASSIA;da specificare;;;;in prossimit� fonte palo ACEA 93;Tamponamento Multiplo;Rettilineo;Una carreggiata a doppio senso;Asciutto;Asfaltata;Verticale ed orizzontale;Nuvoloso;Intenso;Sufficiente;;1;0;0;8;12.4137;41.9828;-1;4;Autovettura privata;In marcia / fermata / arresto;Conducente;M;Illeso;0;;Non accertato;
5325645;20;14/03/2021 18:45:00;Strada Urbana;VIA CASSIA;da specificare;;;;in prossimit� fonte palo ACEA 93;Tamponamento Multiplo;Rettilineo;Una carreggiata a doppio senso;Asciutto;Asfaltata;Verticale ed orizzontale;Nuvoloso;Intenso;Sufficiente;;1;0;0;8;12.4137;41.9828;-1;4;Autovettura privata;In marcia / fermata / arresto;Passeggero;F;Illeso;0;;Non accertato;
5325645;20;14/03/2021 18:45:00;Strada Urbana;VIA CASSIA;da specificare;;;;in prossimit� fonte palo ACEA 93;Tamponamento Multiplo;Rettilineo;Una carreggiata a doppio senso;Asciutto;Asfaltata;Verticale ed orizzontale;Nuvoloso;Intenso;Sufficiente;;1;0;0;8;12.4137;41.9828;-1;4;Autovettura privata;In marcia / fermata / arresto;Passeggero;F;Illeso;0;;Non accertato;
5325647;15;15/03/2021 07:40:00;Strada Urbana;VIA PORTUENSE;in corrispondenza;;del civico n.;559;;Scontro laterale fra veicoli in marcia;Rettilineo;Due carreggiate;Asciutto;Asfaltata;Verticale ed orizzontale;Sereno;Scarso;Buona;;0;0;0;3;12.4458;41.856;-1;1;Autovettura privata;In marcia / fermata / arresto;Conducente;M;Illeso;0;;Non accertato;Inesploso
5325647;15;15/03/2021 07:40:00;Strada Urbana;VIA PORTUENSE;in corrispondenza;;del civico n.;559;;Scontro laterale fra veicoli in marcia;Rettilineo;Due carreggiate;Asciutto;Asfaltata;Verticale ed orizzontale;Sereno;Scarso;Buona;;0;0;0;3;12.4458;41.856;-1;2;Autovettura privata;In marcia / fermata / arresto;Conducente;M;Illeso;0;;Non accertato;Inesploso
5325647;15;15/03/2021 07:40:00;Strada Urbana;VIA PORTUENSE;in corrispondenza;;del civico n.;559;;Scontro laterale fra veicoli in marcia;Rettilineo;Due carreggiate;Asciutto;Asfaltata;Verticale ed orizzontale;Sereno;Scarso;Buona;;0;0;0;3;12.4458;41.856;-1;2;Autovettura privata;In marcia / fermata / arresto;Passeggero;M;Illeso;0;;Non accertato;Inesploso
5325649;4;14/03/2021 17:30:00;Strada Urbana;VIA GIUSEPPE DE SANTIS;all'intersezione con;LARGO LUCHINO VISCONTI;LARGO LUCHINO VISCONTI;;;Infortunio per sola frenata improvvisa;Rotatoria;Una carreggiata a doppio senso;Sdrucciolevole (pietrisco);Asfaltata;Verticale ed orizzontale;Sereno;Normale;Buona;;0;0;0;1;12.5362;41.9656;-1;1;Motociclo a solo;In marcia / fermata / arresto;Conducente;M;Illeso;0;;Non accertato;
5325650;5;14/03/2021 19:30:00;Strada Urbana;VIA DI SALONE;da specificare;;;;50 metri prima rotatoria Case R direzione Tiburtin;Veicolo in marcia contro ostacolo accidentale;Rettilineo;Una carreggiata a doppio senso;Bagnato (umidit� in atto);Asfaltata;Assente;Nuvoloso;Normale;Insufficiente;;0;0;0;2;12.6299;41.9264;-1;1;Autovettura privata;In marcia / fermata / arresto;Conducente;M;Illeso;0;;Non accertato;
5325650;5;14/03/2021 19:30:00;Strada Urbana;VIA DI SALONE;da specificare;;;;50 metri prima rotatoria Case R direzione Tiburtin;Veicolo in marcia contro ostacolo accidentale;Rettilineo;Una carreggiata a doppio senso;Bagnato (umidit� in atto);Asfaltata;Assente;Nuvoloso;Normale;Insufficiente;;0;0;0;2;12.6299;41.9264;-1;1;Autovettura privata;In marcia / fermata / arresto;Passeggero;F;Illeso;0;;Non accertato;
5325651;16;13/03/2021 20:15:00;Strada Urbana;CIRCONVALLAZIONE GIANICOLENSE;in prossimit�;;del civico n.;136;;Tamponamento;Rettilineo;Pi� di due carreggiate;Asciutto;Asfaltata;Assente;Sereno;Normale;Sufficiente;;0;0;0;2;12.4541;41.8706;-1;1;Autovettura privata;In marcia / fermata / arresto;Conducente;M;Illeso;0;;Non accertato;Inesploso
5325651;16;13/03/2021 20:15:00;Strada Urbana;CIRCONVALLAZIONE GIANICOLENSE;in prossimit�;;del civico n.;136;;Tamponamento;Rettilineo;Pi� di due carreggiate;Asciutto;Asfaltata;Assente;Sereno;Normale;Sufficiente;;0;0;0;2;12.4541;41.8706;-1;1;Autovettura privata;In marcia / fermata / arresto;Passeggero;F;Illeso;0;;Non accertato;Inesploso
5325651;16;13/03/2021 20:15:00;Strada Urbana;CIRCONVALLAZIONE GIANICOLENSE;in prossimit�;;del civico n.;136;;Tamponamento;Rettilineo;Pi� di due carreggiate;Asciutto;Asfaltata;Assente;Sereno;Normale;Sufficiente;;0;0;0;2;12.4541;41.8706;-1;2;Ciclomotore;Allontanatosi;;;;;;;
5325660;6;14/03/2021 20:15:00;Strada Urbana;VIA DEL FONTANILE ANAGNINO;in corrispondenza;;del civico n.;89/A;;Scontro frontale/laterale DX fra veicoli in marcia;Rettilineo;Una carreggiata a senso unico di marcia;Asciutto;Asfaltata;Verticale ed orizzontale;Sereno;Scarso;Sufficiente;;5;0;0;0;12.6047;41.8148;-1;1;Autovettura privata;In marcia / fermata / arresto;Conducente;M;Rifiuta cure immediate;0;NON DECEDUTO;Non accertato;
5325660;6;14/03/2021 20:15:00;Strada Urbana;VIA DEL FONTANILE ANAGNINO;in corrispondenza;;del civico n.;89/A;;Scontro frontale/laterale DX fra veicoli in marcia;Rettilineo;Una carreggiata a senso unico di marcia;Asciutto;Asfaltata;Verticale ed orizzontale;Sereno;Scarso;Sufficiente;;5;0;0;0;12.6047;41.8148;-1;2;Autovettura privata;In marcia / fermata / arresto;Conducente;F;Rifiuta cure immediate;0;NON DECEDUTO;;
5325660;6;14/03/2021 20:15:00;Strada Urbana;VIA DEL FONTANILE ANAGNINO;in corrispondenza;;del civico n.;89/A;;Scontro frontale/laterale DX fra veicoli in marcia;Rettilineo;Una carreggiata a senso unico di marcia;Asciutto;Asfaltata;Verticale ed orizzontale;Sereno;Scarso;Sufficiente;;5;0;0;0;12.6047;41.8148;-1;2;Autovettura privata;In marcia / fermata / arresto;Passeggero;M;Rifiuta cure immediate;0;NON DECEDUTO;;
5325660;6;14/03/2021 20:15:00;Strada Urbana;VIA DEL FONTANILE ANAGNINO;in corrispondenza;;del civico n.;89/A;;Scontro frontale/laterale DX fra veicoli in marcia;Rettilineo;Una carreggiata a senso unico di marcia;Asciutto;Asfaltata;Verticale ed orizzontale;Sereno;Scarso;Sufficiente;;5;0;0;0;12.6047;41.8148;-1;2;Autovettura privata;In marcia / fermata / arresto;Passeggero;M;Rifiuta cure immediate;0;NON DECEDUTO;;
5325660;6;14/03/2021 20:15:00;Strada Urbana;VIA DEL FONTANILE ANAGNINO;in corrispondenza;;del civico n.;89/A;;Scontro frontale/laterale DX fra veicoli in marcia;Rettilineo;Una carreggiata a senso unico di marcia;Asciutto;Asfaltata;Verticale ed orizzontale;Sereno;Scarso;Sufficiente;;5;0;0;0;12.6047;41.8148;-1;2;Autovettura privata;In marcia / fermata / arresto;Passeggero;M;Rifiuta cure immediate;0;NON DECEDUTO;;
5325665;5;14/03/2021 03:30:00;Strada Urbana;VIA TIBURTINA;all'intersezione con;VIA DEI RADAR;VIA DEI RADAR;;;Scontro frontale/laterale SX fra veicoli in marcia;Intersezione stradale segnalata;Una carreggiata a senso unico di marcia;Asciutto;Asfaltata;Verticale ed orizzontale;Sereno;Scarso;Sufficiente;;1;0;0;2;12.6126;41.9359;-1;1;Autovettura privata;In marcia / fermata / arresto;Conducente;F;Illeso;0;;Non accertato;
5325665;5;14/03/2021 03:30:00;Strada Urbana;VIA TIBURTINA;all'intersezione con;VIA DEI RADAR;VIA DEI RADAR;;;Scontro frontale/laterale SX fra veicoli in marcia;Intersezione stradale segnalata;Una carreggiata a senso unico di marcia;Asciutto;Asfaltata;Verticale ed orizzontale;Sereno;Scarso;Sufficiente;;1;0;0;2;12.6126;41.9359;-1;1;Autovettura privata;In marcia / fermata / arresto;Passeggero;M;Illeso;0;;Non accertato;
5325665;5;14/03/2021 03:30:00;Strada Urbana;VIA TIBURTINA;all'intersezione con;VIA DEI RADAR;VIA DEI RADAR;;;Scontro frontale/laterale SX fra veicoli in marcia;Intersezione stradale segnalata;Una carreggiata a senso unico di marcia;Asciutto;Asfaltata;Verticale ed orizzontale;Sereno;Scarso;Sufficiente;;1;0;0;2;12.6126;41.9359;-1;2;Motociclo a solo;In marcia / fermata / arresto;Conducente;M;Ricoverato;0;NON DECEDUTO;Non accertato;
5325667;4;13/03/2021 13:10:00;Statale;VIA SALARIA;in corrispondenza;;del civico n.;1454;;Scontro frontale/laterale SX fra veicoli in marcia;Rettilineo;Una carreggiata a doppio senso;Asciutto;Asfaltata;Orizzontale;Sereno;Normale;Buona;;1;0;0;1;12.5192;42.0075;-1;1;Autovettura privata;In marcia / fermata / arresto;Conducente;F;Rimandato;0;NON DECEDUTO;;
5325667;4;13/03/2021 13:10:00;Statale;VIA SALARIA;in corrispondenza;;del civico n.;1454;;Scontro frontale/laterale SX fra veicoli in marcia;Rettilineo;Una carreggiata a doppio senso;Asciutto;Asfaltata;Orizzontale;Sereno;Normale;Buona;;1;0;0;1;12.5192;42.0075;-1;2;Autovettura privata;In marcia / fermata / arresto;Conducente;M;Illeso;0;;;
5325678;16;13/03/2021 15:05:00;Strada Urbana;VIA AURELIA;in prossimit�;;del civico n.;1249D;;Tamponamento Multiplo;Rettilineo;Una carreggiata a doppio senso;Asciutto;Asfaltata;Verticale ed orizzontale;Sereno;Normale;Buona;;0;0;0;4;12.36;41.8833;-1;1;Autovettura privata;In marcia / fermata / arresto;Conducente;M;Illeso;0;;Non accertato;
5325678;16;13/03/2021 15:05:00;Strada Urbana;VIA AURELIA;in prossimit�;;del civico n.;1249D;;Tamponamento Multiplo;Rettilineo;Una carreggiata a doppio senso;Asciutto;Asfaltata;Verticale ed orizzontale;Sereno;Normale;Buona;;0;0;0;4;12.36;41.8833;-1;2;Autovettura privata;In marcia / fermata / arresto;Conducente;M;Illeso;0;;Non accertato;
5325678;16;13/03/2021 15:05:00;Strada Urbana;VIA AURELIA;in prossimit�;;del civico n.;1249D;;Tamponamento Multiplo;Rettilineo;Una carreggiata a doppio senso;Asciutto;Asfaltata;Verticale ed orizzontale;Sereno;Normale;Buona;;0;0;0;4;12.36;41.8833;-1;2;Autovettura privata;In marcia / fermata / arresto;Passeggero;M;Illeso;0;;Non accertato;
5325678;16;13/03/2021 15:05:00;Strada Urbana;VIA AURELIA;in prossimit�;;del civico n.;1249D;;Tamponamento Multiplo;Rettilineo;Una carreggiata a doppio senso;Asciutto;Asfaltata;Verticale ed orizzontale;Sereno;Normale;Buona;;0;0;0;4;12.36;41.8833;-1;3;Autovettura privata;In marcia / fermata / arresto;Conducente;M;Illeso;0;;Non accertato;
5325689;12;12/03/2021 16:25:00;Strada Urbana;VIALE DELL'OCEANO INDIANO;all'intersezione con;VIA BOMBAY;VIA BOMBAY;;;Scontro frontale/laterale DX fra veicoli in marcia;Incrocio;Una carreggiata a doppio senso;Asciutto;Asfaltata;Assente;Sereno;Scarso;Buona;;0;0;0;2;12.4459;41.8226;-1;1;Autovettura privata;In marcia / fermata / arresto;Conducente;M;Illeso;0;;Non accertato;Inesploso
5325689;12;12/03/2021 16:25:00;Strada Urbana;VIALE DELL'OCEANO INDIANO;all'intersezione con;VIA BOMBAY;VIA BOMBAY;;;Scontro frontale/laterale DX fra veicoli in marcia;Incrocio;Una carreggiata a doppio senso;Asciutto;Asfaltata;Assente;Sereno;Scarso;Buona;;0;0;0;2;12.4459;41.8226;-1;2;Autovettura privata;In marcia / fermata / arresto;Conducente;M;Illeso;0;;Non accertato;Inesploso
5325691;1;14/03/2021 14:30:00;Strada Urbana;VIALE DI TRASTEVERE;da specificare;;;;altezza civico 70;Tamponamento;Rettilineo;Pi� di due carreggiate;Asciutto;Asfaltata;Verticale ed orizzontale;Nuvoloso;Normale;Buona;;0;0;0;4;12.4679;41.8817;-1;1;Autovettura privata;In marcia / fermata / arresto;Conducente;M;Illeso;0;;Non accertato;
5325691;1;14/03/2021 14:30:00;Strada Urbana;VIALE DI TRASTEVERE;da specificare;;;;altezza civico 70;Tamponamento;Rettilineo;Pi� di due carreggiate;Asciutto;Asfaltata;Verticale ed orizzontale;Nuvoloso;Normale;Buona;;0;0;0;4;12.4679;41.8817;-1;1;Autovettura privata;In marcia / fermata / arresto;Passeggero;F;Illeso;0;;Non accertato;
5325691;1;14/03/2021 14:30:00;Strada Urbana;VIALE DI TRASTEVERE;da specificare;;;;altezza civico 70;Tamponamento;Rettilineo;Pi� di due carreggiate;Asciutto;Asfaltata;Verticale ed orizzontale;Nuvoloso;Normale;Buona;;0;0;0;4;12.4679;41.8817;-1;2;Autovettura privata;In marcia / fermata / arresto;Conducente;F;Illeso;0;;Non accertato;
5325691;1;14/03/2021 14:30:00;Strada Urbana;VIALE DI TRASTEVERE;da specificare;;;;altezza civico 70;Tamponamento;Rettilineo;Pi� di due carreggiate;Asciutto;Asfaltata;Verticale ed orizzontale;Nuvoloso;Normale;Buona;;0;0;0;4;12.4679;41.8817;-1;2;Autovettura privata;In marcia / fermata / arresto;Passeggero;F;Illeso;0;;Non accertato;
5325692;2;14/03/2021 14:30:00;Strada Urbana;VIA ARCHIANO;all'intersezione con;VIA CERESIO;VIA CERESIO;;;Scontro frontale/laterale DX fra veicoli in marcia;Incrocio;Una carreggiata a senso unico di marcia;Asciutto;Asfaltata;Verticale ed orizzontale;Sereno;Scarso;Buona;;0;0;0;2;12.5066;41.9252;-1;1;Autovettura privata;In marcia / fermata / arresto;Conducente;M;Illeso;0;;;
5325692;2;14/03/2021 14:30:00;Strada Urbana;VIA ARCHIANO;all'intersezione con;VIA CERESIO;VIA CERESIO;;;Scontro frontale/laterale DX fra veicoli in marcia;Incrocio;Una carreggiata a senso unico di marcia;Asciutto;Asfaltata;Verticale ed orizzontale;Sereno;Scarso;Buona;;0;0;0;2;12.5066;41.9252;-1;2;Autovettura privata;In marcia / fermata / arresto;Conducente;M;Illeso;0;;;
5325692;2;14/03/2021 14:30:00;Strada Urbana;VIA ARCHIANO;all'intersezione con;VIA CERESIO;VIA CERESIO;;;Scontro frontale/laterale DX fra veicoli in marcia;Incrocio;Una carreggiata a senso unico di marcia;Asciutto;Asfaltata;Verticale ed orizzontale;Sereno;Scarso;Buona;;0;0;0;2;12.5066;41.9252;-1;3;Autovettura privata;Sosta;;;;;;;
5325692;2;14/03/2021 14:30:00;Strada Urbana;VIA ARCHIANO;all'intersezione con;VIA CERESIO;VIA CERESIO;;;Scontro frontale/laterale DX fra veicoli in marcia;Incrocio;Una carreggiata a senso unico di marcia;Asciutto;Asfaltata;Verticale ed orizzontale;Sereno;Scarso;Buona;;0;0;0;2;12.5066;41.9252;-1;4;Autovettura privata;Sosta;;;;;;;
5325695;16;13/03/2021 21:30:00;Strada Urbana;VIA DI VAL TELLINA;in prossimit�;;del civico n.;99;;Tamponamento;Rettilineo;Una carreggiata a doppio senso;Asciutto;Asfaltata;Verticale ed orizzontale;Sereno;Normale;Buona;;0;0;0;2;12.447;41.8684;-1;1;Autovettura privata;In marcia / fermata / arresto;Conducente;M;Illeso;0;;Non accertato;Inesploso
5325695;16;13/03/2021 21:30:00;Strada Urbana;VIA DI VAL TELLINA;in prossimit�;;del civico n.;99;;Tamponamento;Rettilineo;Una carreggiata a doppio senso;Asciutto;Asfaltata;Verticale ed orizzontale;Sereno;Normale;Buona;;0;0;0;2;12.447;41.8684;-1;2;Autovettura privata;In marcia / fermata / arresto;Conducente;M;Illeso;0;;Non accertato;Inesploso
5325700;16;12/03/2021 17:30:00;Strada Urbana;VIA CESARE PASCARELLA;in corrispondenza;;del civico n.;12;;Veicolo in marcia contro veicoli in sosta;Rettilineo;Una carreggiata a senso unico di marcia;Asciutto;Asfaltata;Verticale ed orizzontale;Sereno;Normale;Buona;;0;0;0;1;12.4662;41.8767;-1;1;Motociclo a solo;In marcia / fermata / arresto;Conducente;M;Illeso;0;;Non accertato;
5325700;16;12/03/2021 17:30:00;Strada Urbana;VIA CESARE PASCARELLA;in corrispondenza;;del civico n.;12;;Veicolo in marcia contro veicoli in sosta;Rettilineo;Una carreggiata a senso unico di marcia;Asciutto;Asfaltata;Verticale ed orizzontale;Sereno;Normale;Buona;;0;0;0;1;12.4662;41.8767;-1;2;Motociclo a solo;Sosta;;;;;;;
5325700;16;12/03/2021 17:30:00;Strada Urbana;VIA CESARE PASCARELLA;in corrispondenza;;del civico n.;12;;Veicolo in marcia contro veicoli in sosta;Rettilineo;Una carreggiata a senso unico di marcia;Asciutto;Asfaltata;Verticale ed orizzontale;Sereno;Normale;Buona;;0;0;0;1;12.4662;41.8767;-1;3;Motociclo a solo;Sosta;;;;;;;
5325705;20;14/03/2021 22:15:00;Strada Urbana;VIA DEL FORO ITALICO;da specificare;;;;imbocco Galleria Giovanni XXIII;Veicolo in marcia contro ostacolo fisso;Curva a visuale libera;Due carreggiate;Asciutto;Asfaltata;Verticale ed orizzontale;Nuvoloso;Scarso;Sufficiente;;1;0;0;0;12.4816;41.9402;-1;1;Autovettura privata;In marcia / fermata / arresto;Conducente;M;Ricoverato;0;NON DECEDUTO;Non accertato;
5325707;4;14/03/2021 11:20:00;Provinciale;VIA NOMENTANA;da specificare;;;;altezza Via Dante da Maiano;Tamponamento Multiplo;Rettilineo;Una carreggiata a doppio senso;Asciutto;Asfaltata;Verticale ed orizzontale;Nuvoloso;Normale;Buona;;0;0;0;4;12.5736;41.959;-1;1;Autovettura privata;In marcia / fermata / arresto;Conducente;M;Illeso;0;;Non accertato;Inesploso
5325707;4;14/03/2021 11:20:00;Provinciale;VIA NOMENTANA;da specificare;;;;altezza Via Dante da Maiano;Tamponamento Multiplo;Rettilineo;Una carreggiata a doppio senso;Asciutto;Asfaltata;Verticale ed orizzontale;Nuvoloso;Normale;Buona;;0;0;0;4;12.5736;41.959;-1;1;Autovettura privata;In marcia / fermata / arresto;Passeggero;F;Illeso;0;;Non accertato;Inesploso
5325707;4;14/03/2021 11:20:00;Provinciale;VIA NOMENTANA;da specificare;;;;altezza Via Dante da Maiano;Tamponamento Multiplo;Rettilineo;Una carreggiata a doppio senso;Asciutto;Asfaltata;Verticale ed orizzontale;Nuvoloso;Normale;Buona;;0;0;0;4;12.5736;41.959;-1;2;Autovettura privata;In marcia / fermata / arresto;Conducente;F;Illeso;0;;Non accertato;Inesploso
5325707;4;14/03/2021 11:20:00;Provinciale;VIA NOMENTANA;da specificare;;;;altezza Via Dante da Maiano;Tamponamento Multiplo;Rettilineo;Una carreggiata a doppio senso;Asciutto;Asfaltata;Verticale ed orizzontale;Nuvoloso;Normale;Buona;;0;0;0;4;12.5736;41.959;-1;3;Autovettura privata;In marcia / fermata / arresto;Conducente;F;Illeso;0;;Non accertato;Inesploso
5325708;13;15/03/2021 08:45:00;Strada Urbana;VIALE DEI ROMAGNOLI;da specificare;;;;fronte civico 257;Veicolo in marcia contro ostacolo accidentale;Rettilineo;Una carreggiata a senso unico di marcia;Asciutto;Asfaltata;Verticale ed orizzontale;Sereno;Normale;Buona;;0;0;0;1;12.3575;41.7827;-1;1;Motociclo con passeggero;In marcia / fermata / arresto;Conducente;M;Illeso;0;;Non accertato;
5325711;16;12/03/2021 15:35:00;Strada Urbana;VIA GIUSEPPE GIANFRANCESCHI;in prossimit�;;del civico n.;2;;Veicolo in marcia contro veicolo in sosta;Rettilineo;Una carreggiata a doppio senso;Asciutto;Asfaltata;Assente;Nuvoloso;Scarso;Buona;;0;0;0;2;12.3568;41.8764;-1;1;Autocarro inferiore 35 q.;In marcia / fermata / arresto;Conducente;M;Illeso;0;;Non accertato;Inesploso
5325711;16;12/03/2021 15:35:00;Strada Urbana;VIA GIUSEPPE GIANFRANCESCHI;in prossimit�;;del civico n.;2;;Veicolo in marcia contro veicolo in sosta;Rettilineo;Una carreggiata a doppio senso;Asciutto;Asfaltata;Assente;Nuvoloso;Scarso;Buona;;0;0;0;2;12.3568;41.8764;-1;1;Autocarro inferiore 35 q.;In marcia / fermata / arresto;Passeggero;M;Illeso;0;;Non accertato;Inesploso
5325711;16;12/03/2021 15:35:00;Strada Urbana;VIA GIUSEPPE GIANFRANCESCHI;in prossimit�;;del civico n.;2;;Veicolo in marcia contro veicolo in sosta;Rettilineo;Una carreggiata a doppio senso;Asciutto;Asfaltata;Assente;Nuvoloso;Scarso;Buona;;0;0;0;2;12.3568;41.8764;-1;2;Autovettura privata;Sosta;;;;;;;
5325719;9;15/03/2021 10:00:00;Strada Urbana;VIA TUSCOLANA;da specificare;;;;fronte civico 466;Tamponamento Multiplo;Rettilineo;Due carreggiate;Asciutto;Asfaltata;Orizzontale;Sereno;Normale;Buona;;0;0;0;3;12.5347;41.871;-1;1;Autovettura privata;In marcia / fermata / arresto;Conducente;F;Illeso;0;;Non accertato;Inesploso
5325719;9;15/03/2021 10:00:00;Strada Urbana;VIA TUSCOLANA;da specificare;;;;fronte civico 466;Tamponamento Multiplo;Rettilineo;Due carreggiate;Asciutto;Asfaltata;Orizzontale;Sereno;Normale;Buona;;0;0;0;3;12.5347;41.871;-1;2;Autovettura privata;In marcia / fermata / arresto;Conducente;M;Illeso;0;;Non accertato;Inesploso
5325719;9;15/03/2021 10:00:00;Strada Urbana;VIA TUSCOLANA;da specificare;;;;fronte civico 466;Tamponamento Multiplo;Rettilineo;Due carreggiate;Asciutto;Asfaltata;Orizzontale;Sereno;Normale;Buona;;0;0;0;3;12.5347;41.871;-1;3;Autovettura privata;In marcia / fermata / arresto;Conducente;M;Illeso;0;;Non accertato;Inesploso
5325719;9;15/03/2021 10:00:00;Strada Urbana;VIA TUSCOLANA;da specificare;;;;fronte civico 466;Tamponamento Multiplo;Rettilineo;Due carreggiate;Asciutto;Asfaltata;Orizzontale;Sereno;Normale;Buona;;0;0;0;3;12.5347;41.871;-1;4;Autovettura privata;Sosta;;;;;;;
5325719;9;15/03/2021 10:00:00;Strada Urbana;VIA TUSCOLANA;da specificare;;;;fronte civico 466;Tamponamento Multiplo;Rettilineo;Due carreggiate;Asciutto;Asfaltata;Orizzontale;Sereno;Normale;Buona;;0;0;0;3;12.5347;41.871;-1;5;Autovettura privata;Sosta;;;;;;;