Protocollo;Gruppo;DataOraIncidente;Localizzazione1;STRADA1;Localizzazione2;STRADA2;Strada02;Chilometrica;DaSpecificare;NaturaIncidente;particolaritastrade;TipoStrada;FondoStradale;Pavimentazione;Segnaletica;CondizioneAtmosferica;Traffico;Visibilita;Illuminazione;NUM_FERITI;NUM_RISERVATA;NUM_MORTI;NUM_ILLESI;Longitudine;Latitudine;Confermato;Progressivo;TipoVeicolo;StatoVeicolo;TipoPersona;Sesso;Tipolesione;Deceduto;DecedutoDopo;CinturaCascoUtilizzato;Airbag;
5329413;13;17/03/2021 16:20:00;Strada Urbana;VIA DELLE EBRIDI;in corrispondenza;;del civico n.;4;;Scontro laterale fra veicoli in marcia;Rettilineo;Due carreggiate;Asciutto;Asfaltata;Assente;Nuvoloso;Normale;Buona;;0;0;0;6;12.2636;41.7398;-1;1;Autovettura privata;In marcia / fermata / arresto;Conducente;M;Illeso;0;;Non accertato;Inesploso
5329413;13;17/03/2021 16:20:00;Strada Urbana;VIA DELLE EBRIDI;in corrispondenza;;del civico n.;4;;Scontro laterale fra veicoli in marcia;Rettilineo;Due carreggiate;Asciutto;Asfaltata;Assente;Nuvoloso;Normale;Buona;;0;0;0;6;12.2636;41.7398;-1;1;Autovettura privata;In marcia / fermata / arresto;Passeggero;F;Illeso;0;;Non accertato;Inesploso
5329413;13;17/03/2021 16:20:00;Strada Urbana;VIA DELLE EBRIDI;in corrispondenza;;del civico n.;4;;Scontro laterale fra veicoli in marcia;Rettilineo;Due carreggiate;Asciutto;Asfaltata;Assente;Nuvoloso;Normale;Buona;;0;0;0;6;12.2636;41.7398;-1;1;Autovettura privata;In marcia / fermata / arresto;Passeggero;M;Illeso;0;;Non accertato;Inesistente
5329413;13;17/03/2021 16:20:00;Strada Urbana;VIA DELLE EBRIDI;in corrispondenza;;del civico n.;4;;Scontro laterale fra veicoli in marcia;Rettilineo;Due carreggiate;Asciutto;Asfaltata;Assente;Nuvoloso;Normale;Buona;;0;0;0;6;12.2636;41.7398;-1;1;Autovettura privata;In marcia / fermata / arresto;Passeggero;M;Illeso;0;;Non accertato;Inesistente
5329413;13;17/03/2021 16:20:00;Strada Urbana;VIA DELLE EBRIDI;in corrispondenza;;del civico n.;4;;Scontro laterale fra veicoli in marcia;Rettilineo;Due carreggiate;Asciutto;Asfaltata;Assente;Nuvoloso;Normale;Buona;;0;0;0;6;12.2636;41.7398;-1;2;Autovettura privata;In marcia / fermata / arresto;Conducente;M;Illeso;0;;Non accertato;Inesploso
5329413;13;17/03/2021 16:20:00;Strada Urbana;VIA DELLE EBRIDI;in corrispondenza;;del civico n.;4;;Scontro laterale fra veicoli in marcia;Rettilineo;Due carreggiate;Asciutto;Asfaltata;Assente;Nuvoloso;Normale;Buona;;0;0;0;6;12.2636;41.7398;-1;2;Autovettura privata;In marcia / fermata / arresto;Passeggero;F;Illeso;0;;Non accertato;Inesploso
5329437;12;17/03/2021 14:20:00;Strada Urbana;VIA CRISTOFORO COLOMBO;da specificare;;;;LATERALE INTERSEZIONE VIALE ASIA DIR. OSTIA;Scontro laterale fra veicoli in marcia;Rettilineo;Una carreggiata a senso unico di marcia;Asciutto;Asfaltata;Verticale ed orizzontale;Nuvoloso;Normale;Buona;;0;0;0;2;12.4696;41.8322;-1;1;Autovettura privata;In marcia / fermata / arresto;Conducente;F;Illeso;0;;Non accertato;Inesploso
5329437;12;17/03/2021 14:20:00;Strada Urbana;VIA CRISTOFORO COLOMBO;da specificare;;;;LATERALE INTERSEZIONE VIALE ASIA DIR. OSTIA;Scontro laterale fra veicoli in marcia;Rettilineo;Una carreggiata a senso unico di marcia;Asciutto;Asfaltata;Verticale ed orizzontale;Nuvoloso;Normale;Buona;;0;0;0;2;12.4696;41.8322;-1;2;Autovettura privata;In marcia / fermata / arresto;Conducente;M;Illeso;0;;Non accertato;Inesploso
5329465;6;17/03/2021 13:45:00;Strada Urbana;VIA COLLATINA;all'intersezione con;VIA LATISANA;VIA LATISANA;;;Veicolo in marcia contro veicolo in sosta;Incrocio;Una carreggiata a doppio senso;Asciutto;Asfaltata;Verticale ed orizzontale;Nuvoloso;Scarso;Buona;;0;0;0;1;12.5628;41.8957;-1;1;Autovettura privata;Sosta;;;;;;;
5329465;6;17/03/2021 13:45:00;Strada Urbana;VIA COLLATINA;all'intersezione con;VIA LATISANA;VIA LATISANA;;;Veicolo in marcia contro veicolo in sosta;Incrocio;Una carreggiata a doppio senso;Asciutto;Asfaltata;Verticale ed orizzontale;Nuvoloso;Scarso;Buona;;0;0;0;1;12.5628;41.8957;-1;2;Autovettura privata;In marcia / fermata / arresto;Conducente;M;Illeso;0;;;Inesploso
5329539;19;17/03/2021 15:05:00;Strada Urbana;VIA CLEMENTE XII;all'intersezione con;VIA ALESSANDRO VII;VIA ALESSANDRO VII;;;Tamponamento;Incrocio;Una carreggiata a senso unico di marcia;Bagnato (pioggia);Asfaltata;Verticale ed orizzontale;Nuvoloso;Scarso;Buona;;0;0;0;2;12.4223;41.9214;-1;1;Autovettura privata;In marcia / fermata / arresto;Conducente;M;Illeso;0;;;
5329539;19;17/03/2021 15:05:00;Strada Urbana;VIA CLEMENTE XII;all'intersezione con;VIA ALESSANDRO VII;VIA ALESSANDRO VII;;;Tamponamento;Incrocio;Una carreggiata a senso unico di marcia;Bagnato (pioggia);Asfaltata;Verticale ed orizzontale;Nuvoloso;Scarso;Buona;;0;0;0;2;12.4223;41.9214;-1;2;Autocarro inferiore 35 q.;In marcia / fermata / arresto;Conducente;M;Illeso;0;;;
5329540;10;16/03/2021 19:15:00;Strada Urbana;VIA DEI SETTE METRI;da specificare;;;;prossimit� Via di Torre Morena;Scontro frontale/laterale DX fra veicoli in marcia;Rettilineo;Una carreggiata a doppio senso;Asciutto;Asfaltata;Verticale ed orizzontale;Sereno;Normale;Sufficiente;;1;0;0;1;12.6069;41.8154;-1;1;Autovettura privata;In marcia / fermata / arresto;Conducente;M;Illeso;0;;Non accertato;Inesploso
5329540;10;16/03/2021 19:15:00;Strada Urbana;VIA DEI SETTE METRI;da specificare;;;;prossimit� Via di Torre Morena;Scontro frontale/laterale DX fra veicoli in marcia;Rettilineo;Una carreggiata a doppio senso;Asciutto;Asfaltata;Verticale ed orizzontale;Sereno;Normale;Sufficiente;;1;0;0;1;12.6069;41.8154;-1;2;Motociclo a solo;In marcia / fermata / arresto;Conducente;M;Rimandato;0;NON DECEDUTO;Non accertato;
5329556;19;17/03/2021 15:40:00;Strada Urbana;VIA DI S. MARIA DI GALERIA;in prossimit�;;del civico n.;171;;Scontro laterale fra veicoli in marcia;Curva senza visuale libera;Una carreggiata a doppio senso;Bagnato (pioggia);Asfaltata;Orizzontale;Pioggia in atto;Scarso;Buona;;0;0;0;3;12.3066;41.9776;-1;1;Autocarro inferiore 35 q.;In marcia / fermata / arresto;Conducente;M;Illeso;0;;;
5329556;19;17/03/2021 15:40:00;Strada Urbana;VIA DI S. MARIA DI GALERIA;in prossimit�;;del civico n.;171;;Scontro laterale fra veicoli in marcia;Curva senza visuale libera;Una carreggiata a doppio senso;Bagnato (pioggia);Asfaltata;Orizzontale;Pioggia in atto;Scarso;Buona;;0;0;0;3;12.3066;41.9776;-1;1;Autocarro inferiore 35 q.;In marcia / fermata / arresto;Passeggero;M;Illeso;0;;;
5329556;19;17/03/2021 15:40:00;Strada Urbana;VIA DI S. MARIA DI GALERIA;in prossimit�;;del civico n.;171;;Scontro laterale fra veicoli in marcia;Curva senza visuale libera;Una carreggiata a doppio senso;Bagnato (pioggia);Asfaltata;Orizzontale;Pioggia in atto;Scarso;Buona;;0;0;0;3;12.3066;41.9776;-1;2;Autocarro inferiore 35 q.;In marcia / fermata / arresto;Conducente;M;Illeso;0;;;
5329559;13;17/03/2021 17:20:00;Strada Urbana;LUNGOMARE LUTAZIO CATULO;in prossimit�;;del civico n.;14;;Veicolo in marcia contro veicolo in sosta;Rettilineo;Due carreggiate;Bagnato (pioggia);Asfaltata;Verticale ed orizzontale;Nuvoloso;Normale;Sufficiente;;0;0;0;2;12.314;41.716;-1;1;Autovettura privata;Sosta;;;;;;;
5329559;13;17/03/2021 17:20:00;Strada Urbana;LUNGOMARE LUTAZIO CATULO;in prossimit�;;del civico n.;14;;Veicolo in marcia contro veicolo in sosta;Rettilineo;Due carreggiate;Bagnato (pioggia);Asfaltata;Verticale ed orizzontale;Nuvoloso;Normale;Sufficiente;;0;0;0;2;12.314;41.716;-1;2;Autocarro inferiore 35 q.;In marcia / fermata / arresto;Conducente;M;Illeso;0;;;
5329559;13;17/03/2021 17:20:00;Strada Urbana;LUNGOMARE LUTAZIO CATULO;in prossimit�;;del civico n.;14;;Veicolo in marcia contro veicolo in sosta;Rettilineo;Due carreggiate;Bagnato (pioggia);Asfaltata;Verticale ed orizzontale;Nuvoloso;Normale;Sufficiente;;0;0;0;2;12.314;41.716;-1;2;Autocarro inferiore 35 q.;In marcia / fermata / arresto;Passeggero;M;Illeso;0;;Non accertato;Inesistente
5329649;11;17/03/2021 13:30:00;Strada Urbana;VIA DI FIORANELLO;da specificare;;;;fronte civ.173;Scontro laterale fra veicoli in marcia;Rettilineo;Una carreggiata a doppio senso;Asciutto;Asfaltata;Orizzontale;Nuvoloso;Normale;Sufficiente;;1;0;0;3;12.558;41.7868;-1;1;Autovettura privata;In marcia / fermata / arresto;Conducente;F;Illeso;0;;Non accertato;
5329649;11;17/03/2021 13:30:00;Strada Urbana;VIA DI FIORANELLO;da specificare;;;;fronte civ.173;Scontro laterale fra veicoli in marcia;Rettilineo;Una carreggiata a doppio senso;Asciutto;Asfaltata;Orizzontale;Nuvoloso;Normale;Sufficiente;;1;0;0;3;12.558;41.7868;-1;1;Autovettura privata;In marcia / fermata / arresto;Passeggero;F;Rimandato;0;NON DECEDUTO;Non accertato;
5329649;11;17/03/2021 13:30:00;Strada Urbana;VIA DI FIORANELLO;da specificare;;;;fronte civ.173;Scontro laterale fra veicoli in marcia;Rettilineo;Una carreggiata a doppio senso;Asciutto;Asfaltata;Orizzontale;Nuvoloso;Normale;Sufficiente;;1;0;0;3;12.558;41.7868;-1;1;Autovettura privata;In marcia / fermata / arresto;Passeggero;M;Illeso;0;;Non accertato;
5329649;11;17/03/2021 13:30:00;Strada Urbana;VIA DI FIORANELLO;da specificare;;;;fronte civ.173;Scontro laterale fra veicoli in marcia;Rettilineo;Una carreggiata a doppio senso;Asciutto;Asfaltata;Orizzontale;Nuvoloso;Normale;Sufficiente;;1;0;0;3;12.558;41.7868;-1;2;Motociclo a solo;In marcia / fermata / arresto;Conducente;M;Illeso;0;;Non accertato;
5329763;5;17/03/2021 10:15:00;Strada Urbana;VIA TIBURTINA;in prossimit�;;del civico n.;1470/A;;Scontro laterale fra veicoli in marcia;Rettilineo;Una carreggiata a doppio senso;Asciutto;Asfaltata;Verticale ed orizzontale;Sereno;Normale;Buona;;1;0;0;0;12.6318;41.9402;0;1;Motociclo a solo;In marcia / fermata / arresto;Conducente;M;Rimandato;0;NON DECEDUTO;Non accertato;
5329763;5;17/03/2021 10:15:00;Strada Urbana;VIA TIBURTINA;in prossimit�;;del civico n.;1470/A;;Scontro laterale fra veicoli in marcia;Rettilineo;Una carreggiata a doppio senso;Asciutto;Asfaltata;Verticale ed orizzontale;Sereno;Normale;Buona;;1;0;0;0;12.6318;41.9402;0;2;Autovettura privata;Allontanatosi;;;;;;;
5329775;5;17/03/2021 16:20:00;Strada Urbana;VIA GIAN BISTOLFI;in prossimit�;;del civico n.;30;;Veicolo in marcia contro veicolo in sosta;Rettilineo;Una carreggiata a doppio senso;Asciutto;Asfaltata;Orizzontale;Sereno;Scarso;Buona;;0;0;0;1;12.5482;41.9144;-1;1;Autovettura privata;In marcia / fermata / arresto;Conducente;M;Illeso;0;;Non accertato;
5329775;5;17/03/2021 16:20:00;Strada Urbana;VIA GIAN BISTOLFI;in prossimit�;;del civico n.;30;;Veicolo in marcia contro veicolo in sosta;Rettilineo;Una carreggiata a doppio senso;Asciutto;Asfaltata;Orizzontale;Sereno;Scarso;Buona;;0;0;0;1;12.5482;41.9144;-1;2;Autovettura privata;Sosta;;;;;;;
5329776;12;17/03/2021 17:30:00;Strada Urbana;VIALE DELLA GRANDE MURAGLIA;in prossimit�;;del civico n.;580;;Veicolo in marcia contro veicolo in sosta;Rettilineo;Due carreggiate;Bagnato (pioggia);Asfaltata;Verticale ed orizzontale;Nuvoloso;Normale;Buona;;0;0;0;3;12.4358;41.8083;-1;1;Autovettura privata;Sosta;;;;;;;
5329776;12;17/03/2021 17:30:00;Strada Urbana;VIALE DELLA GRANDE MURAGLIA;in prossimit�;;del civico n.;580;;Veicolo in marcia contro veicolo in sosta;Rettilineo;Due carreggiate;Bagnato (pioggia);Asfaltata;Verticale ed orizzontale;Nuvoloso;Normale;Buona;;0;0;0;3;12.4358;41.8083;-1;2;Autovettura privata;In marcia / fermata / arresto;Conducente;M;Illeso;0;;;
5329776;12;17/03/2021 17:30:00;Strada Urbana;VIALE DELLA GRANDE MURAGLIA;in prossimit�;;del civico n.;580;;Veicolo in marcia contro veicolo in sosta;Rettilineo;Due carreggiate;Bagnato (pioggia);Asfaltata;Verticale ed orizzontale;Nuvoloso;Normale;Buona;;0;0;0;3;12.4358;41.8083;-1;2;Autovettura privata;In marcia / fermata / arresto;Passeggero;M;Illeso;0;;Non accertato;Inesploso
5329776;12;17/03/2021 17:30:00;Strada Urbana;VIALE DELLA GRANDE MURAGLIA;in prossimit�;;del civico n.;580;;Veicolo in marcia contro veicolo in sosta;Rettilineo;Due carreggiate;Bagnato (pioggia);Asfaltata;Verticale ed orizzontale;Nuvoloso;Normale;Buona;;0;0;0;3;12.4358;41.8083;-1;2;Autovettura privata;In marcia / fermata / arresto;Passeggero;F;Illeso;0;;Utilizzato;Inesploso
5329782;13;17/03/2021 07:30:00;Strada Urbana;VIA ADRIANO BANCHIERI;all'intersezione con;VIA GIOVANNI BATTISTA PESCETTI;VIA GIOVANNI BATTISTA PESCETTI;;;Scontro frontale/laterale DX fra veicoli in marcia;Incrocio;Una carreggiata a doppio senso;Asciutto;Asfaltata;Assente;Sereno;Scarso;Buona;;0;0;0;2;12.3683;41.7428;-1;1;Autovettura privata;In marcia / fermata / arresto;Conducente;M;Illeso;0;;;
5329782;13;17/03/2021 07:30:00;Strada Urbana;VIA ADRIANO BANCHIERI;all'intersezione con;VIA GIOVANNI BATTISTA PESCETTI;VIA GIOVANNI BATTISTA PESCETTI;;;Scontro frontale/laterale DX fra veicoli in marcia;Incrocio;Una carreggiata a doppio senso;Asciutto;Asfaltata;Assente;Sereno;Scarso;Buona;;0;0;0;2;12.3683;41.7428;-1;2;Autovettura privata;In marcia / fermata / arresto;Conducente;M;Illeso;0;;Non accertato;Inesploso
5329798;15;17/03/2021 13:40:00;Strada Urbana;VIA PORTUENSE;in prossimit�;;del civico n.;741;;Scontro frontale/laterale SX fra veicoli in marcia;Rettilineo;Una carreggiata a doppio senso;Bagnato (pioggia);Asfaltata;Assente;Pioggia in atto;Normale;Buona;;0;0;0;2;12.429;41.8503;-1;1;Veicolo speciale;In marcia / fermata / arresto;Conducente;M;Illeso;0;;;
5329798;15;17/03/2021 13:40:00;Strada Urbana;VIA PORTUENSE;in prossimit�;;del civico n.;741;;Scontro frontale/laterale SX fra veicoli in marcia;Rettilineo;Una carreggiata a doppio senso;Bagnato (pioggia);Asfaltata;Assente;Pioggia in atto;Normale;Buona;;0;0;0;2;12.429;41.8503;-1;2;Autovettura privata;In marcia / fermata / arresto;Conducente;M;Illeso;0;;;
5329817;20;18/03/2021 07:50:00;Strada Urbana;VIA FRANCESCO SAVERIO NITTI;in corrispondenza;;del civico n.;12;;Veicolo in marcia contro veicolo in sosta;Rettilineo;Una carreggiata a doppio senso;Asciutto;Asfaltata;Orizzontale;Sereno;Normale;Buona;;0;0;0;1;12.4712;41.9469;-1;1;Autovettura privata;In marcia / fermata / arresto;Conducente;M;Illeso;0;;Non accertato;Inesploso
5329817;20;18/03/2021 07:50:00;Strada Urbana;VIA FRANCESCO SAVERIO NITTI;in corrispondenza;;del civico n.;12;;Veicolo in marcia contro veicolo in sosta;Rettilineo;Una carreggiata a doppio senso;Asciutto;Asfaltata;Orizzontale;Sereno;Normale;Buona;;0;0;0;1;12.4712;41.9469;-1;2;Autovettura privata;Sosta;;;;;;;
5329818;20;17/03/2021 15:20:00;Strada Urbana;VIA FEDERICO CAPRILLI;da specificare;;;;int. gr. Pol. Loc. XV Cassia area parch. pal. A;Veicolo in marcia contro ostacolo fisso;Curva a visuale libera;Una carreggiata a doppio senso;Bagnato (pioggia);Asfaltata;Assente;Pioggia in atto;Scarso;Buona;;0;0;0;1;12.4839;41.9493;-1;1;Veicolo speciale;In marcia / fermata / arresto;Conducente;M;Illeso;0;;Non accertato;Inesploso
5329859;8;17/03/2021 07:00:00;Strada Urbana;VIA CASILINA;all'intersezione con;VIA DELL'AQUILA REALE;VIA DELL'AQUILA REALE;;;Scontro frontale/laterale SX fra veicoli in marcia;Intersezione semaforizzata;Una carreggiata a doppio senso;Asciutto;Asfaltata;Verticale ed orizzontale;Sereno;Normale;Buona;;0;0;0;1;12.5968;41.8665;-1;1;Autovettura privata;In marcia / fermata / arresto;Conducente;M;Illeso;0;;Non accertato;Inesploso
5329859;8;17/03/2021 07:00:00;Strada Urbana;VIA CASILINA;all'intersezione con;VIA DELL'AQUILA REALE;VIA DELL'AQUILA REALE;;;Scontro frontale/laterale SX fra veicoli in marcia;Intersezione semaforizzata;Una carreggiata a doppio senso;Asciutto;Asfaltata;Verticale ed orizzontale;Sereno;Normale;Buona;;0;0;0;1;12.5968;41.8665;-1;2;Autovettura privata;Allontanatosi;;;;;;;
5329862;8;17/03/2021 06:30:00;Strada Urbana;VIA DOMENICO BECCAFUMI;all'intersezione con;VIA NICOLA SCARANO;VIA NICOLA SCARANO;;;Scontro frontale/laterale DX fra veicoli in marcia;Incrocio;Una carreggiata a senso unico di marcia;Asciutto;Asfaltata;Verticale;Sereno;Scarso;Buona;;2;0;0;0;12.6227;41.8664;-1;1;Autovettura privata;In marcia / fermata / arresto;Conducente;M;Rimandato;0;NON DECEDUTO;Non accertato;Inesploso
5329862;8;17/03/2021 06:30:00;Strada Urbana;VIA DOMENICO BECCAFUMI;all'intersezione con;VIA NICOLA SCARANO;VIA NICOLA SCARANO;;;Scontro frontale/laterale DX fra veicoli in marcia;Incrocio;Una carreggiata a senso unico di marcia;Asciutto;Asfaltata;Verticale;Sereno;Scarso;Buona;;2;0;0;0;12.6227;41.8664;-1;2;Autovettura privata;In marcia / fermata / arresto;Conducente;M;Rimandato;0;NON DECEDUTO;Non accertato;Esploso
5329862;8;17/03/2021 06:30:00;Strada Urbana;VIA DOMENICO BECCAFUMI;all'intersezione con;VIA NICOLA SCARANO;VIA NICOLA SCARANO;;;Scontro frontale/laterale DX fra veicoli in marcia;Incrocio;Una carreggiata a senso unico di marcia;Asciutto;Asfaltata;Verticale;Sereno;Scarso;Buona;;2;0;0;0;12.6227;41.8664;-1;3;Autovettura privata;Sosta;;;;;;;
5329863;8;17/03/2021 07:12:00;Strada Urbana;VIA MARIO PASTORE;da specificare;;;;in prox V.le Stanford;Veicolo in marcia contro ostacolo fisso;Rettilineo;Una carreggiata a senso unico di marcia;Asciutto;Asfaltata;Assente;Sereno;Scarso;Buona;;0;0;0;1;12.6113;41.8483;-1;1;Autoarticolato;In marcia / fermata / arresto;Conducente;M;Illeso;0;;Non accertato;Inesploso
5329866;8;17/03/2021 11:30:00;Strada Urbana;VIA CASILINA;in corrispondenza;;del civico n.;1938 C;;Veicolo in marcia contro veicolo in sosta;Rettilineo;Una carreggiata a senso unico di marcia;Asciutto;Asfaltata;Assente;Sereno;Scarso;Buona;;0;0;0;1;12.6988;41.8646;-1;1;Autovettura privata;In marcia / fermata / arresto;Conducente;M;Illeso;0;;Non accertato;Inesploso
5329866;8;17/03/2021 11:30:00;Strada Urbana;VIA CASILINA;in corrispondenza;;del civico n.;1938 C;;Veicolo in marcia contro veicolo in sosta;Rettilineo;Una carreggiata a senso unico di marcia;Asciutto;Asfaltata;Assente;Sereno;Scarso;Buona;;0;0;0;1;12.6988;41.8646;-1;2;Autovettura privata;Sosta;;;;;;;
5329868;8;17/03/2021 18:38:00;Strada Urbana;VIALE HEIDELBERG;da specificare;;;;rotatoria per via cambridge;Scontro laterale fra veicoli in marcia;Rotatoria;Una carreggiata a senso unico di marcia;Asciutto;Asfaltata;Verticale ed orizzontale;Sereno;Normale;Sufficiente;;1;0;0;1;12.6281;41.8566;-1;1;Autovettura privata;In marcia / fermata / arresto;Conducente;M;Illeso;0;;Non accertato;Inesploso
5329868;8;17/03/2021 18:38:00;Strada Urbana;VIALE HEIDELBERG;da specificare;;;;rotatoria per via cambridge;Scontro laterale fra veicoli in marcia;Rotatoria;Una carreggiata a senso unico di marcia;Asciutto;Asfaltata;Verticale ed orizzontale;Sereno;Normale;Sufficiente;;1;0;0;1;12.6281;41.8566;-1;2;Velocipede;In marcia / fermata / arresto;Conducente;M;Rifiuta cure immediate;0;NON DECEDUTO;Esente;
5329876;4;17/03/2021 13:50:00;Strada Urbana;VIA VAL DI NON;all'intersezione con;VIA VAL MAGGIA;VIA VAL MAGGIA;;;Scontro laterale fra veicoli in marcia;Intersezione stradale segnalata;Una carreggiata a senso unico di marcia;Bagnato (pioggia);Asfaltata;Verticale ed orizzontale;Nuvoloso;Normale;Buona;;0;0;0;3;12.5166;41.9438;-1;1;Autovettura privata;In marcia / fermata / arresto;Conducente;M;Illeso;0;;Non accertato;Inesploso
5329876;4;17/03/2021 13:50:00;Strada Urbana;VIA VAL DI NON;all'intersezione con;VIA VAL MAGGIA;VIA VAL MAGGIA;;;Scontro laterale fra veicoli in marcia;Intersezione stradale segnalata;Una carreggiata a senso unico di marcia;Bagnato (pioggia);Asfaltata;Verticale ed orizzontale;Nuvoloso;Normale;Buona;;0;0;0;3;12.5166;41.9438;-1;1;Autovettura privata;In marcia / fermata / arresto;Passeggero;M;Illeso;0;;;
5329876;4;17/03/2021 13:50:00;Strada Urbana;VIA VAL DI NON;all'intersezione con;VIA VAL MAGGIA;VIA VAL MAGGIA;;;Scontro laterale fra veicoli in marcia;Intersezione stradale segnalata;Una carreggiata a senso unico di marcia;Bagnato (pioggia);Asfaltata;Verticale ed orizzontale;Nuvoloso;Normale;Buona;;0;0;0;3;12.5166;41.9438;-1;2;Autovettura privata;In marcia / fermata / arresto;Conducente;M;Illeso;0;;Non accertato;Inesploso
5329883;4;17/03/2021 07:30:00;Strada Urbana;VIALE CARMELO BENE;all'intersezione con;VIA ERNESTO CALINDRI;VIA ERNESTO CALINDRI;;;Scontro frontale/laterale DX fra veicoli in marcia;Rotatoria;Due carreggiate;Asciutto;Asfaltata;Verticale ed orizzontale;Sereno;Normale;Buona;;0;0;0;3;12.5336;41.9751;-1;1;Autovettura privata;In marcia / fermata / arresto;Conducente;M;Illeso;0;;;
5329883;4;17/03/2021 07:30:00;Strada Urbana;VIALE CARMELO BENE;all'intersezione con;VIA ERNESTO CALINDRI;VIA ERNESTO CALINDRI;;;Scontro frontale/laterale DX fra veicoli in marcia;Rotatoria;Due carreggiate;Asciutto;Asfaltata;Verticale ed orizzontale;Sereno;Normale;Buona;;0;0;0;3;12.5336;41.9751;-1;2;Autovettura privata;In marcia / fermata / arresto;Conducente;M;Illeso;0;;;
5329883;4;17/03/2021 07:30:00;Strada Urbana;VIALE CARMELO BENE;all'intersezione con;VIA ERNESTO CALINDRI;VIA ERNESTO CALINDRI;;;Scontro frontale/laterale DX fra veicoli in marcia;Rotatoria;Due carreggiate;Asciutto;Asfaltata;Verticale ed orizzontale;Sereno;Normale;Buona;;0;0;0;3;12.5336;41.9751;-1;2;Autovettura privata;In marcia / fermata / arresto;Passeggero;F;Illeso;0;;;
5329897;8;17/03/2021 17:10:00;Strada Urbana;VIA CASILINA;in prossimit�;;del civico n.;1938;;Tamponamento Multiplo;Rettilineo;Una carreggiata a doppio senso;Asciutto;Asfaltata;Verticale ed orizzontale;Sereno;Intenso;Buona;;0;0;0;3;12.6995;41.8643;-1;1;Autovettura privata;In marcia / fermata / arresto;Conducente;M;Illeso;0;;Non accertato;Inesploso
5329897;8;17/03/2021 17:10:00;Strada Urbana;VIA CASILINA;in prossimit�;;del civico n.;1938;;Tamponamento Multiplo;Rettilineo;Una carreggiata a doppio senso;Asciutto;Asfaltata;Verticale ed orizzontale;Sereno;Intenso;Buona;;0;0;0;3;12.6995;41.8643;-1;2;Autovettura privata;In marcia / fermata / arresto;Conducente;M;Illeso;0;;Non accertato;Inesploso
5329897;8;17/03/2021 17:10:00;Strada Urbana;VIA CASILINA;in prossimit�;;del civico n.;1938;;Tamponamento Multiplo;Rettilineo;Una carreggiata a doppio senso;Asciutto;Asfaltata;Verticale ed orizzontale;Sereno;Intenso;Buona;;0;0;0;3;12.6995;41.8643;-1;2;Autovettura privata;In marcia / fermata / arresto;Passeggero;M;Illeso;0;;Non accertato;Inesploso
5329897;8;17/03/2021 17:10:00;Strada Urbana;VIA CASILINA;in prossimit�;;del civico n.;1938;;Tamponamento Multiplo;Rettilineo;Una carreggiata a doppio senso;Asciutto;Asfaltata;Verticale ed orizzontale;Sereno;Intenso;Buona;;0;0;0;3;12.6995;41.8643;-1;3;Autovettura privata;Allontanatosi;;;;;;;
5329919;4;17/03/2021 09:15:00;Strada Urbana;VIA VAL DI COGNE;in corrispondenza;;del civico n.;8;;Tamponamento;Rettilineo;Una carreggiata a senso unico di marcia;Asciutto;Asfaltata;Verticale ed orizzontale;Sereno;Normale;Buona;;0;0;0;2;12.5284;41.9408;-1;1;Autovettura privata;In marcia / fermata / arresto;Conducente;M;Illeso;0;;Non accertato;Inesploso
5329919;4;17/03/2021 09:15:00;Strada Urbana;VIA VAL DI COGNE;in corrispondenza;;del civico n.;8;;Tamponamento;Rettilineo;Una carreggiata a senso unico di marcia;Asciutto;Asfaltata;Verticale ed orizzontale;Sereno;Normale;Buona;;0;0;0;2;12.5284;41.9408;-1;2;Autovettura privata;In marcia / fermata / arresto;Conducente;F;Illeso;0;;Non accertato;Inesploso
5329921;18;17/03/2021 20:10:00;Strada Urbana;VIA GREGORIO XI;in prossimit�;;del civico n.;335;;Veicolo in marcia contro ostacolo accidentale;Rettilineo;Una carreggiata a doppio senso;Asciutto;Asfaltata;Verticale;Sereno;Scarso;Sufficiente;;1;0;0;0;12.4069;41.8919;-1;1;Autovettura privata;In marcia / fermata / arresto;Conducente;M;Rimandato;0;NON DECEDUTO;Non accertato;Inesploso
5329931;7;17/03/2021 13:45:00;Strada Urbana;VIA CASILINA;all'intersezione semaforizzata con;VIA DEL GRANO;VIA DEL GRANO;;;Fuoriuscita dalla sede stradale;Intersezione semaforizzata;Una carreggiata a doppio senso;Asciutto;Asfaltata;Verticale ed orizzontale;Nuvoloso;Normale;Buona;;1;0;0;0;12.6212;41.8626;-1;1;Motociclo a solo;In marcia / fermata / arresto;Conducente;M;Ricoverato;0;NON DECEDUTO;Non accertato;
5329950;17;17/03/2021 16:05:00;Strada Urbana;PIAZZALE DEGLI EROI;all'intersezione semaforizzata con;CIRCONVALLAZIONE TRIONFALE;CIRCONVALLAZIONE TRIONFALE;;;Scontro frontale/laterale DX fra veicoli in marcia;Intersezione semaforizzata;Due carreggiate;Bagnato (pioggia);Asfaltata;Verticale ed orizzontale;Nuvoloso;Scarso;Buona;;2;0;0;3;12.4485;41.9091;-1;1;Autoambulanza;In marcia / fermata / arresto;Conducente;M;Rimandato;0;NON DECEDUTO;;