Protocollo;Gruppo;DataOraIncidente;Localizzazione1;STRADA1;Localizzazione2;STRADA2;Strada02;Chilometrica;DaSpecificare;NaturaIncidente;particolaritastrade;TipoStrada;FondoStradale;Pavimentazione;Segnaletica;CondizioneAtmosferica;Traffico;Visibilita;Illuminazione;NUM_FERITI;NUM_RISERVATA;NUM_MORTI;NUM_ILLESI;Longitudine;Latitudine;Confermato;Progressivo;TipoVeicolo;StatoVeicolo;TipoPersona;Sesso;Tipolesione;Deceduto;DecedutoDopo;CinturaCascoUtilizzato;Airbag;
5336059;1;09/03/2021 19:32:00;Strada Urbana;VIA FRANCESCO CRISPI;da specificare;;;;civico 82;Tamponamento;Curva a visuale libera;Una carreggiata a senso unico di marcia;Asciutto;Asfaltata;Verticale ed orizzontale;Sereno;Normale;Buona;;0;0;0;2;12.4859;41.9047;-1;1;Autovettura privata;In marcia / fermata / arresto;Conducente;M;Illeso;0;;;
5336059;1;09/03/2021 19:32:00;Strada Urbana;VIA FRANCESCO CRISPI;da specificare;;;;civico 82;Tamponamento;Curva a visuale libera;Una carreggiata a senso unico di marcia;Asciutto;Asfaltata;Verticale ed orizzontale;Sereno;Normale;Buona;;0;0;0;2;12.4859;41.9047;-1;2;Autovettura pubblica;In marcia / fermata / arresto;Conducente;M;Illeso;0;;Non accertato;
5336068;7;22/03/2021 17:10:00;Strada Urbana;VIA COLLATINA;all'intersezione con;VIALE GIORGIO DE CHIRICO;VIALE GIORGIO DE CHIRICO;;;Scontro frontale/laterale DX fra veicoli in marcia;Intersezione stradale segnalata;Una carreggiata a doppio senso;Asciutto;Asfaltata;Verticale ed orizzontale;Sereno;Normale;Buona;;0;0;0;2;12.585;41.9034;-1;1;Autovettura privata;In marcia / fermata / arresto;Conducente;M;Illeso;0;;Non accertato;Inesploso
5336068;7;22/03/2021 17:10:00;Strada Urbana;VIA COLLATINA;all'intersezione con;VIALE GIORGIO DE CHIRICO;VIALE GIORGIO DE CHIRICO;;;Scontro frontale/laterale DX fra veicoli in marcia;Intersezione stradale segnalata;Una carreggiata a doppio senso;Asciutto;Asfaltata;Verticale ed orizzontale;Sereno;Normale;Buona;;0;0;0;2;12.585;41.9034;-1;2;Autovettura privata;In marcia / fermata / arresto;Conducente;M;Illeso;0;;Non accertato;Inesploso
5336122;3;19/03/2021 09:25:00;Strada Urbana;VIALE DELLE PROVINCIE;all'intersezione con;VIA DELLA LEGA LOMBARDA;VIA DELLA LEGA LOMBARDA;;;Scontro laterale fra veicoli in marcia;Intersezione stradale segnalata;Una carreggiata a senso unico di marcia;Asciutto;Asfaltata;Verticale ed orizzontale;Sereno;Normale;Buona;;0;0;0;1;12.5212;41.9096;-1;1;Autovettura privata;In marcia / fermata / arresto;Conducente;M;Illeso;0;;Non accertato;Inesploso
5336122;3;19/03/2021 09:25:00;Strada Urbana;VIALE DELLE PROVINCIE;all'intersezione con;VIA DELLA LEGA LOMBARDA;VIA DELLA LEGA LOMBARDA;;;Scontro laterale fra veicoli in marcia;Intersezione stradale segnalata;Una carreggiata a senso unico di marcia;Asciutto;Asfaltata;Verticale ed orizzontale;Sereno;Normale;Buona;;0;0;0;1;12.5212;41.9096;-1;2;Autovettura privata;Allontanatosi;;;;;;;
5336135;16;22/03/2021 13:00:00;Strada Urbana;VIA FABIOLA;in prossimit�;;del civico n.;12;;Scontro laterale fra veicoli in marcia;Rettilineo;Una carreggiata a senso unico di marcia;Asciutto;Asfaltata;Verticale ed orizzontale;Sereno;Normale;Buona;;0;0;0;2;12.4491;41.8758;-1;1;Autovettura privata;In marcia / fermata / arresto;Conducente;M;Illeso;0;;Non accertato;Inesploso
5336135;16;22/03/2021 13:00:00;Strada Urbana;VIA FABIOLA;in prossimit�;;del civico n.;12;;Scontro laterale fra veicoli in marcia;Rettilineo;Una carreggiata a senso unico di marcia;Asciutto;Asfaltata;Verticale ed orizzontale;Sereno;Normale;Buona;;0;0;0;2;12.4491;41.8758;-1;2;Autovettura privata;In marcia / fermata / arresto;Conducente;F;Illeso;0;;Non accertato;Inesploso
5336149;3;21/03/2021 16:00:00;Strada Urbana;VIALE REGINA MARGHERITA;all'intersezione semaforizzata con;VIA GIOVANNI BATTISTA MORGAGNI;VIA GIOVANNI BATTISTA MORGAGNI;;;Scontro frontale/laterale DX fra veicoli in marcia;Incrocio;Pi� di due carreggiate;Asciutto;Asfaltata;Verticale ed orizzontale;Sereno;Normale;Buona;;3;0;0;1;12.5051;41.9142;-1;1;Autovettura privata;In marcia / fermata / arresto;Conducente;M;Rimandato;0;NON DECEDUTO;;
5336149;3;21/03/2021 16:00:00;Strada Urbana;VIALE REGINA MARGHERITA;all'intersezione semaforizzata con;VIA GIOVANNI BATTISTA MORGAGNI;VIA GIOVANNI BATTISTA MORGAGNI;;;Scontro frontale/laterale DX fra veicoli in marcia;Incrocio;Pi� di due carreggiate;Asciutto;Asfaltata;Verticale ed orizzontale;Sereno;Normale;Buona;;3;0;0;1;12.5051;41.9142;-1;2;Autoambulanza;In marcia / fermata / arresto;Conducente;M;Illeso;0;;;
5336149;3;21/03/2021 16:00:00;Strada Urbana;VIALE REGINA MARGHERITA;all'intersezione semaforizzata con;VIA GIOVANNI BATTISTA MORGAGNI;VIA GIOVANNI BATTISTA MORGAGNI;;;Scontro frontale/laterale DX fra veicoli in marcia;Incrocio;Pi� di due carreggiate;Asciutto;Asfaltata;Verticale ed orizzontale;Sereno;Normale;Buona;;3;0;0;1;12.5051;41.9142;-1;2;Autoambulanza;In marcia / fermata / arresto;Passeggero;M;Rifiuta cure immediate;0;NON DECEDUTO;;
5336149;3;21/03/2021 16:00:00;Strada Urbana;VIALE REGINA MARGHERITA;all'intersezione semaforizzata con;VIA GIOVANNI BATTISTA MORGAGNI;VIA GIOVANNI BATTISTA MORGAGNI;;;Scontro frontale/laterale DX fra veicoli in marcia;Incrocio;Pi� di due carreggiate;Asciutto;Asfaltata;Verticale ed orizzontale;Sereno;Normale;Buona;;3;0;0;1;12.5051;41.9142;-1;2;Autoambulanza;In marcia / fermata / arresto;Passeggero;F;Rimandato;0;NON DECEDUTO;;
5336154;6;23/03/2021 06:15:00;Strada Urbana;LARGO PRENESTE;all'intersezione semaforizzata con;VIA PRENESTINA;VIA PRENESTINA;;;Scontro laterale fra veicoli in marcia;Intersezione semaforizzata;Pi� di due carreggiate;Asciutto;Asfaltata;Verticale ed orizzontale;Sereno;Normale;Buona;;0;0;0;2;12.5419;41.8927;-1;1;Vettura tranviaria;In marcia / fermata / arresto;Conducente;F;Illeso;0;;Esente;
5336154;6;23/03/2021 06:15:00;Strada Urbana;LARGO PRENESTE;all'intersezione semaforizzata con;VIA PRENESTINA;VIA PRENESTINA;;;Scontro laterale fra veicoli in marcia;Intersezione semaforizzata;Pi� di due carreggiate;Asciutto;Asfaltata;Verticale ed orizzontale;Sereno;Normale;Buona;;0;0;0;2;12.5419;41.8927;-1;2;Autocarro inferiore 35 q.;In marcia / fermata / arresto;Conducente;M;Illeso;0;;;
5336166;3;22/03/2021 14:40:00;Strada Urbana;CIRCONVALLAZIONE NOMENTANA;da specificare;;;;pross.t� del civ. 275;Veicolo in marcia contro veicolo fermo;Rettilineo;Due carreggiate;Asciutto;Asfaltata;Temporanea di cantiere;Nuvoloso;Normale;Buona;;0;0;0;2;12.527;41.9196;-1;1;Autovettura privata;In marcia / fermata / arresto;Conducente;M;Illeso;0;;;
5336166;3;22/03/2021 14:40:00;Strada Urbana;CIRCONVALLAZIONE NOMENTANA;da specificare;;;;pross.t� del civ. 275;Veicolo in marcia contro veicolo fermo;Rettilineo;Due carreggiate;Asciutto;Asfaltata;Temporanea di cantiere;Nuvoloso;Normale;Buona;;0;0;0;2;12.527;41.9196;-1;2;Autovettura privata;In marcia / fermata / arresto;Conducente;M;Illeso;0;;;
5336179;2;22/03/2021 19:45:00;Strada Urbana;CORSO TRIESTE;all'intersezione con;VIA TRAU;VIA TRAU;;;Scontro laterale fra veicoli in marcia;Incrocio;Due carreggiate;Asciutto;Asfaltata;Verticale ed orizzontale;Sereno;Normale;Buona;;0;0;0;3;12.5094;41.9204;-1;1;Motociclo a solo;In marcia / fermata / arresto;Conducente;M;Illeso;0;;;
5336179;2;22/03/2021 19:45:00;Strada Urbana;CORSO TRIESTE;all'intersezione con;VIA TRAU;VIA TRAU;;;Scontro laterale fra veicoli in marcia;Incrocio;Due carreggiate;Asciutto;Asfaltata;Verticale ed orizzontale;Sereno;Normale;Buona;;0;0;0;3;12.5094;41.9204;-1;2;Autovettura privata;In marcia / fermata / arresto;Conducente;M;Illeso;0;;;
5336179;2;22/03/2021 19:45:00;Strada Urbana;CORSO TRIESTE;all'intersezione con;VIA TRAU;VIA TRAU;;;Scontro laterale fra veicoli in marcia;Incrocio;Due carreggiate;Asciutto;Asfaltata;Verticale ed orizzontale;Sereno;Normale;Buona;;0;0;0;3;12.5094;41.9204;-1;2;Autovettura privata;In marcia / fermata / arresto;Passeggero;M;Illeso;0;;;
5336322;9;23/03/2021 08:10:00;Strada Urbana;VIA APPIA NUOVA;all'intersezione con;VIA ALBA;VIA ALBA;;;Scontro frontale/laterale SX fra veicoli in marcia;Incrocio;Due carreggiate;Asciutto;Asfaltata;Verticale ed orizzontale;Sereno;Intenso;Buona;;1;0;0;2;12.5172;41.8795;-1;1;Autovettura privata;In marcia / fermata / arresto;Conducente;M;Illeso;0;;Non accertato;Inesploso
5336322;9;23/03/2021 08:10:00;Strada Urbana;VIA APPIA NUOVA;all'intersezione con;VIA ALBA;VIA ALBA;;;Scontro frontale/laterale SX fra veicoli in marcia;Incrocio;Due carreggiate;Asciutto;Asfaltata;Verticale ed orizzontale;Sereno;Intenso;Buona;;1;0;0;2;12.5172;41.8795;-1;1;Autovettura privata;In marcia / fermata / arresto;Passeggero;F;Illeso;0;;Non accertato;Inesploso
5336322;9;23/03/2021 08:10:00;Strada Urbana;VIA APPIA NUOVA;all'intersezione con;VIA ALBA;VIA ALBA;;;Scontro frontale/laterale SX fra veicoli in marcia;Incrocio;Due carreggiate;Asciutto;Asfaltata;Verticale ed orizzontale;Sereno;Intenso;Buona;;1;0;0;2;12.5172;41.8795;-1;2;Motociclo a solo;In marcia / fermata / arresto;Conducente;M;Rimandato;0;NON DECEDUTO;Non accertato;
5336355;3;22/03/2021 17:30:00;Strada Urbana;VIA DELLA LEGA LOMBARDA;in corrispondenza;;del civico n.;50;;Tamponamento;Rettilineo;Due carreggiate;Asciutto;Asfaltata;Verticale ed orizzontale;Nuvoloso;Normale;Buona;;1;0;0;1;12.5248;41.9084;-1;1;Autovettura privata;In marcia / fermata / arresto;Conducente;M;Illeso;0;;;
5336355;3;22/03/2021 17:30:00;Strada Urbana;VIA DELLA LEGA LOMBARDA;in corrispondenza;;del civico n.;50;;Tamponamento;Rettilineo;Due carreggiate;Asciutto;Asfaltata;Verticale ed orizzontale;Nuvoloso;Normale;Buona;;1;0;0;1;12.5248;41.9084;-1;2;Motociclo a solo;In marcia / fermata / arresto;Conducente;M;Ricoverato;0;NON DECEDUTO;;
5336374;12;23/03/2021 08:50:00;Strada Urbana;VIALE DELL'OCEANO PACIFICO;in corrispondenza;;del civico n.;166;;Tamponamento;Rettilineo;Una carreggiata a doppio senso;Asciutto;Asfaltata;Verticale ed orizzontale;Sereno;Normale;Buona;;1;0;0;1;12.4555;41.826;-1;1;Autovettura privata;In marcia / fermata / arresto;Conducente;F;Illeso;0;;Utilizzato;Inesploso
5336374;12;23/03/2021 08:50:00;Strada Urbana;VIALE DELL'OCEANO PACIFICO;in corrispondenza;;del civico n.;166;;Tamponamento;Rettilineo;Una carreggiata a doppio senso;Asciutto;Asfaltata;Verticale ed orizzontale;Sereno;Normale;Buona;;1;0;0;1;12.4555;41.826;-1;2;Autovettura privata;In marcia / fermata / arresto;Conducente;M;Rifiuta cure immediate;0;NON DECEDUTO;Utilizzato;Inesploso
5336594;18;23/03/2021 13:00:00;Strada Urbana;VIA GREGORIO XIII;in corrispondenza;;del civico n.;36;;Veicolo in marcia contro veicolo in sosta;Rettilineo;Una carreggiata a doppio senso;Asciutto;Asfaltata;Verticale;Sereno;Scarso;Buona;;0;0;0;1;12.419;41.9053;-1;1;Autovettura privata;In marcia / fermata / arresto;Conducente;M;Illeso;0;;;
5336594;18;23/03/2021 13:00:00;Strada Urbana;VIA GREGORIO XIII;in corrispondenza;;del civico n.;36;;Veicolo in marcia contro veicolo in sosta;Rettilineo;Una carreggiata a doppio senso;Asciutto;Asfaltata;Verticale;Sereno;Scarso;Buona;;0;0;0;1;12.419;41.9053;-1;2;Autovettura privata;Sosta;;;;;;;
5336682;19;23/03/2021 13:30:00;Strada Urbana;VIA ANDERSEN;in prossimit�;;del civico n.;100;;Veicolo in marcia contro veicolo in sosta;Curva a visuale libera;Una carreggiata a doppio senso;Asciutto;Asfaltata;Assente;Sereno;Normale;Buona;;1;0;0;0;12.3993;41.923;-1;1;Motociclo a solo;In marcia / fermata / arresto;Conducente;M;Ricoverato;0;NON DECEDUTO;;
5336682;19;23/03/2021 13:30:00;Strada Urbana;VIA ANDERSEN;in prossimit�;;del civico n.;100;;Veicolo in marcia contro veicolo in sosta;Curva a visuale libera;Una carreggiata a doppio senso;Asciutto;Asfaltata;Assente;Sereno;Normale;Buona;;1;0;0;0;12.3993;41.923;-1;2;Autovettura privata;Sosta;;;;;;;
5336683;1;23/03/2021 10:30:00;Strada Urbana;VIA DELLA PENITENZA;all'intersezione con;VIA DEI RIARI;VIA DEI RIARI;;;Infortunio per sola frenata improvvisa;Incrocio;Una carreggiata a senso unico alternato;Asciutto;In cubetti di porfido;Assente;Sereno;Scarso;Buona;;0;0;0;2;12.4651;41.8935;0;1;Autocarro inferiore 35 q.;In marcia / fermata / arresto;Conducente;M;Illeso;0;;Non accertato;Inesploso
5336683;1;23/03/2021 10:30:00;Strada Urbana;VIA DELLA PENITENZA;all'intersezione con;VIA DEI RIARI;VIA DEI RIARI;;;Infortunio per sola frenata improvvisa;Incrocio;Una carreggiata a senso unico alternato;Asciutto;In cubetti di porfido;Assente;Sereno;Scarso;Buona;;0;0;0;2;12.4651;41.8935;0;2;Motociclo a solo;In marcia / fermata / arresto;Conducente;M;Illeso;0;;;
5336749;9;23/03/2021 12:30:00;Strada Urbana;VIA GENZANO;in prossimit�;;del civico n.;193;;Scontro laterale fra veicoli in marcia;Rettilineo;Una carreggiata a doppio senso;Asciutto;Asfaltata;Verticale ed orizzontale;Sereno;Scarso;Buona;;0;0;0;2;12.5348;41.8695;-1;1;Autovettura privata;In marcia / fermata / arresto;Conducente;F;Illeso;0;;Non accertato;Inesploso
5336749;9;23/03/2021 12:30:00;Strada Urbana;VIA GENZANO;in prossimit�;;del civico n.;193;;Scontro laterale fra veicoli in marcia;Rettilineo;Una carreggiata a doppio senso;Asciutto;Asfaltata;Verticale ed orizzontale;Sereno;Scarso;Buona;;0;0;0;2;12.5348;41.8695;-1;2;Motociclo a solo;In marcia / fermata / arresto;Conducente;M;Illeso;0;;Non accertato;
5336750;1;23/03/2021 11:15:00;Strada Urbana;VIA FRANCESCO CRISPI;in corrispondenza;;del civico n.;51;;Veicolo in marcia contro ostacolo accidentale;Rettilineo;Una carreggiata a senso unico di marcia;Viscido da liquidi oleosi;In cubetti di porfido;Verticale ed orizzontale;Sereno;Normale;Buona;;1;0;0;0;12.4858;41.9043;-1;1;Motociclo a solo;In marcia / fermata / arresto;Conducente;M;Rifiuta cure immediate;0;NON DECEDUTO;Non accertato;
5336874;17;23/03/2021 08:00:00;Strada Urbana;PIAZZALE MARESCIALLO GIARDINO;all'intersezione semaforizzata con;LUNGOTEVERE DELLA VITTORIA;LUNGOTEVERE DELLA VITTORIA;;;Scontro laterale fra veicoli in marcia;Intersezione semaforizzata;Pi� di due carreggiate;Asciutto;Asfaltata;Verticale ed orizzontale;Sereno;Normale;Buona;;0;0;0;2;12.4579;41.9237;-1;1;Autovettura privata;In marcia / fermata / arresto;Conducente;M;Illeso;0;;Non accertato;Inesploso
5336874;17;23/03/2021 08:00:00;Strada Urbana;PIAZZALE MARESCIALLO GIARDINO;all'intersezione semaforizzata con;LUNGOTEVERE DELLA VITTORIA;LUNGOTEVERE DELLA VITTORIA;;;Scontro laterale fra veicoli in marcia;Intersezione semaforizzata;Pi� di due carreggiate;Asciutto;Asfaltata;Verticale ed orizzontale;Sereno;Normale;Buona;;0;0;0;2;12.4579;41.9237;-1;2;Autovettura privata;In marcia / fermata / arresto;Conducente;F;Illeso;0;;Non accertato;Inesploso
5337083;19;23/03/2021 15:20:00;Strada Urbana;VIALE CORTINA D'AMPEZZO;all'intersezione con;VIA SAINT-VINCENT;VIA SAINT-VINCENT;;;Scontro frontale/laterale SX fra veicoli in marcia;Incrocio;Una carreggiata a doppio senso;Asciutto;Asfaltata;Orizzontale;Sereno;Normale;Buona;;0;0;0;2;12.4382;41.9421;-1;1;Autovettura privata;In marcia / fermata / arresto;Conducente;M;Illeso;0;;;
5337083;19;23/03/2021 15:20:00;Strada Urbana;VIALE CORTINA D'AMPEZZO;all'intersezione con;VIA SAINT-VINCENT;VIA SAINT-VINCENT;;;Scontro frontale/laterale SX fra veicoli in marcia;Incrocio;Una carreggiata a doppio senso;Asciutto;Asfaltata;Orizzontale;Sereno;Normale;Buona;;0;0;0;2;12.4382;41.9421;-1;2;Motociclo a solo;In marcia / fermata / arresto;Conducente;M;Illeso;0;;;
5337084;17;23/03/2021 13:35:00;Strada Urbana;VIA DEGLI SCIPIONI;all'intersezione con;VIA DUILIO;VIA DUILIO;;;Scontro frontale/laterale SX fra veicoli in marcia;Incrocio;Una carreggiata a senso unico di marcia;Asciutto;Asfaltata;Verticale ed orizzontale;Sereno;Normale;Buona;;0;0;0;6;12.463;41.9098;-1;1;Autovettura privata;In marcia / fermata / arresto;Conducente;M;Illeso;0;;;
5337084;17;23/03/2021 13:35:00;Strada Urbana;VIA DEGLI SCIPIONI;all'intersezione con;VIA DUILIO;VIA DUILIO;;;Scontro frontale/laterale SX fra veicoli in marcia;Incrocio;Una carreggiata a senso unico di marcia;Asciutto;Asfaltata;Verticale ed orizzontale;Sereno;Normale;Buona;;0;0;0;6;12.463;41.9098;-1;1;Autovettura privata;In marcia / fermata / arresto;Passeggero;F;Illeso;0;;;
5337084;17;23/03/2021 13:35:00;Strada Urbana;VIA DEGLI SCIPIONI;all'intersezione con;VIA DUILIO;VIA DUILIO;;;Scontro frontale/laterale SX fra veicoli in marcia;Incrocio;Una carreggiata a senso unico di marcia;Asciutto;Asfaltata;Verticale ed orizzontale;Sereno;Normale;Buona;;0;0;0;6;12.463;41.9098;-1;1;Autovettura privata;In marcia / fermata / arresto;Passeggero;F;Illeso;0;;;
5337084;17;23/03/2021 13:35:00;Strada Urbana;VIA DEGLI SCIPIONI;all'intersezione con;VIA DUILIO;VIA DUILIO;;;Scontro frontale/laterale SX fra veicoli in marcia;Incrocio;Una carreggiata a senso unico di marcia;Asciutto;Asfaltata;Verticale ed orizzontale;Sereno;Normale;Buona;;0;0;0;6;12.463;41.9098;-1;1;Autovettura privata;In marcia / fermata / arresto;Passeggero;M;Illeso;0;;;
5337084;17;23/03/2021 13:35:00;Strada Urbana;VIA DEGLI SCIPIONI;all'intersezione con;VIA DUILIO;VIA DUILIO;;;Scontro frontale/laterale SX fra veicoli in marcia;Incrocio;Una carreggiata a senso unico di marcia;Asciutto;Asfaltata;Verticale ed orizzontale;Sereno;Normale;Buona;;0;0;0;6;12.463;41.9098;-1;2;Autovettura privata;In marcia / fermata / arresto;Conducente;M;Illeso;0;;;
5337099;12;22/03/2021 20:10:00;Strada Urbana;VIA LAURENTINA;da specificare;;;;prossimit� VIA DEL FOSSO ACQUA ACETOSA OSTIENSE;Tamponamento Multiplo;Rettilineo;Due carreggiate;Asciutto;Asfaltata;Verticale ed orizzontale;Sereno;Normale;Buona;;0;0;0;4;12.4856;41.8103;-1;1;Autovettura privata;In marcia / fermata / arresto;Conducente;M;Illeso;0;;Utilizzato;Inesploso
5337099;12;22/03/2021 20:10:00;Strada Urbana;VIA LAURENTINA;da specificare;;;;prossimit� VIA DEL FOSSO ACQUA ACETOSA OSTIENSE;Tamponamento Multiplo;Rettilineo;Due carreggiate;Asciutto;Asfaltata;Verticale ed orizzontale;Sereno;Normale;Buona;;0;0;0;4;12.4856;41.8103;-1;1;Autovettura privata;In marcia / fermata / arresto;Passeggero;F;Illeso;0;;Utilizzato;Inesploso
5337099;12;22/03/2021 20:10:00;Strada Urbana;VIA LAURENTINA;da specificare;;;;prossimit� VIA DEL FOSSO ACQUA ACETOSA OSTIENSE;Tamponamento Multiplo;Rettilineo;Due carreggiate;Asciutto;Asfaltata;Verticale ed orizzontale;Sereno;Normale;Buona;;0;0;0;4;12.4856;41.8103;-1;2;Autovettura privata;In marcia / fermata / arresto;Conducente;M;Illeso;0;;Utilizzato;Inesploso
5337099;12;22/03/2021 20:10:00;Strada Urbana;VIA LAURENTINA;da specificare;;;;prossimit� VIA DEL FOSSO ACQUA ACETOSA OSTIENSE;Tamponamento Multiplo;Rettilineo;Due carreggiate;Asciutto;Asfaltata;Verticale ed orizzontale;Sereno;Normale;Buona;;0;0;0;4;12.4856;41.8103;-1;3;Autovettura privata;In marcia / fermata / arresto;Conducente;M;Illeso;0;;Utilizzato;Inesploso
5337109;12;23/03/2021 17:00:00;Provinciale;VIA ARDEATINA;da specificare;;;;in prossimit� di via Michele Lessona - dir. Roma c;Veicolo in marcia che urta buche nella carreggiata;Curva senza visuale libera;Una carreggiata a doppio senso;Asciutto;Con buche;Verticale ed orizzontale;Sereno;Normale;Buona;;0;0;0;1;12.5356;41.7923;-1;1;Motociclo a solo;In marcia / fermata / arresto;Conducente;M;Illeso;0;;Utilizzato;
5337114;12;22/03/2021 20:30:00;Strada Urbana;VIALE DELL'OCEANO INDIANO;all'intersezione con;VIA MAPUTO;VIA MAPUTO;;;Scontro frontale/laterale SX fra veicoli in marcia;Incrocio;Una carreggiata a doppio senso;Asciutto;Asfaltata;Verticale ed orizzontale;Sereno;Scarso;Buona;;0;0;0;2;12.4448;41.8222;-1;1;Autovettura privata;In marcia / fermata / arresto;Conducente;F;Illeso;0;;Utilizzato;Inesploso
5337114;12;22/03/2021 20:30:00;Strada Urbana;VIALE DELL'OCEANO INDIANO;all'intersezione con;VIA MAPUTO;VIA MAPUTO;;;Scontro frontale/laterale SX fra veicoli in marcia;Incrocio;Una carreggiata a doppio senso;Asciutto;Asfaltata;Verticale ed orizzontale;Sereno;Scarso;Buona;;0;0;0;2;12.4448;41.8222;-1;2;Autovettura privata;In marcia / fermata / arresto;Conducente;M;Illeso;0;;Utilizzato;Inesploso
5337121;1;23/03/2021 14:40:00;Strada Urbana;LUNGOTEVERE DEI SANGALLO;in corrispondenza;;del palo luce n.;13;;Scontro frontale/laterale DX fra veicoli in marcia;Rettilineo;Una carreggiata a senso unico di marcia;Asciutto;Asfaltata;Verticale;Sereno;Scarso;Buona;;0;0;1;1;12.4651;41.898;-1;1;Autovettura privata;In marcia / fermata / arresto;Conducente;F;Illeso;0;;Non accertato;Inesploso
5337121;1;23/03/2021 14:40:00;Strada Urbana;LUNGOTEVERE DEI SANGALLO;in corrispondenza;;del palo luce n.;13;;Scontro frontale/laterale DX fra veicoli in marcia;Rettilineo;Una carreggiata a senso unico di marcia;Asciutto;Asfaltata;Verticale;Sereno;Scarso;Buona;;0;0;1;1;12.4651;41.898;-1;2;Motociclo a solo;In marcia / fermata / arresto;Conducente;M;Prognosi riservata;0;DECEDUTO DA 13 A 24 ORE DOPO;Non accertato;
5337348;8;23/03/2021 14:15:00;Strada Urbana;VIA LAZZERO TALDI;in corrispondenza;;del civico n.;37;;Investimento di pedone;Rettilineo;Una carreggiata a senso unico di marcia;Asciutto;Asfaltata;Assente;Sereno;Scarso;Buona;;1;0;0;1;12.628;41.8676;-1;;;;Pedone;M;Ricoverato;0;NON DECEDUTO;;
5337348;8;23/03/2021 14:15:00;Strada Urbana;VIA LAZZERO TALDI;in corrispondenza;;del civico n.;37;;Investimento di pedone;Rettilineo;Una carreggiata a senso unico di marcia;Asciutto;Asfaltata;Assente;Sereno;Scarso;Buona;;1;0;0;1;12.628;41.8676;-1;1;Autovettura privata;In marcia / fermata / arresto;Conducente;M;Illeso;0;;Non accertato;Inesploso
5337351;8;23/03/2021 17:30:00;Strada Urbana;VIA DEL FOSSO DELL'OSA;in prossimit�;;del civico n.;350;;Tamponamento;Rettilineo;Una carreggiata a doppio senso;Asciutto;Asfaltata;Orizzontale;Sereno;Normale;Buona;;3;0;0;1;12.6852;41.9025;-1;1;Autovettura privata;In marcia / fermata / arresto;Conducente;M;Illeso;0;;Non accertato;Inesploso
5337351;8;23/03/2021 17:30:00;Strada Urbana;VIA DEL FOSSO DELL'OSA;in prossimit�;;del civico n.;350;;Tamponamento;Rettilineo;Una carreggiata a doppio senso;Asciutto;Asfaltata;Orizzontale;Sereno;Normale;Buona;;3;0;0;1;12.6852;41.9025;-1;2;Autovettura privata;In marcia / fermata / arresto;Conducente;M;Rimandato;0;NON DECEDUTO;Non accertato;Inesploso
5337351;8;23/03/2021 17:30:00;Strada Urbana;VIA DEL FOSSO DELL'OSA;in prossimit�;;del civico n.;350;;Tamponamento;Rettilineo;Una carreggiata a doppio senso;Asciutto;Asfaltata;Orizzontale;Sereno;Normale;Buona;;3;0;0;1;12.6852;41.9025;-1;2;Autovettura privata;In marcia / fermata / arresto;Passeggero;M;Rimandato;0;NON DECEDUTO;Non accertato;Inesploso
5337351;8;23/03/2021 17:30:00;Strada Urbana;VIA DEL FOSSO DELL'OSA;in prossimit�;;del civico n.;350;;Tamponamento;Rettilineo;Una carreggiata a doppio senso;Asciutto;Asfaltata;Orizzontale;Sereno;Normale;Buona;;3;0;0;1;12.6852;41.9025;-1;2;Autovettura privata;In marcia / fermata / arresto;Passeggero;M;Rimandato;0;NON DECEDUTO;Non accertato;Inesploso
5337352;8;23/03/2021 19:00:00;Strada Urbana;VIA DELL'ARCHEOLOGIA;all'intersezione con;VIA FRANCESCO LONDONIO;VIA FRANCESCO LONDONIO;;;Scontro frontale/laterale SX fra veicoli in marcia;Incrocio;Una carreggiata a doppio senso;Asciutto;Asfaltata;Verticale ed orizzontale;Sereno;Scarso;Buona;;0;0;0;1;12.6288;41.8794;-1;1;Autovettura privata;In marcia / fermata / arresto;Conducente;M;Illeso;0;;Non accertato;Inesploso
5337352;8;23/03/2021 19:00:00;Strada Urbana;VIA DELL'ARCHEOLOGIA;all'intersezione con;VIA FRANCESCO LONDONIO;VIA FRANCESCO LONDONIO;;;Scontro frontale/laterale SX fra veicoli in marcia;Incrocio;Una carreggiata a doppio senso;Asciutto;Asfaltata;Verticale ed orizzontale;Sereno;Scarso;Buona;;0;0;0;1;12.6288;41.8794;-1;2;Motociclo con passeggero;Allontanatosi;;;;;;;
5337365;8;23/03/2021 07:20:00;Strada Urbana;VIA DI TOR FORAME;in prossimit�;;del civico n.;80;;Veicolo in marcia contro ostacolo fisso;Rettilineo;Una carreggiata a senso unico alternato;Asciutto;Asfaltata;Assente;Sereno;Normale;Buona;;0;0;0;1;12.6908;41.8513;-1;1;Autocarro superiore 35 q.;In marcia / fermata / arresto;Conducente;M;Illeso;0;;Non accertato;Inesploso
5337371;8;23/03/2021 11:10:00;Strada Urbana;VIA BARETE;in prossimit�;;del civico n.;7/9;;Scontro frontale/laterale DX fra veicoli in marcia;Rettilineo;Una carreggiata a doppio senso;Asciutto;Asfaltata;Assente;Sereno;Intenso;Buona;;0;0;0;2;12.6757;41.916;-1;1;Autovettura privata;In marcia / fermata / arresto;Conducente;M;Illeso;0;;Non accertato;Inesploso