Protocollo;Gruppo;DataOraIncidente;Localizzazione1;STRADA1;Localizzazione2;STRADA2;Strada02;Chilometrica;DaSpecificare;NaturaIncidente;particolaritastrade;TipoStrada;FondoStradale;Pavimentazione;Segnaletica;CondizioneAtmosferica;Traffico;Visibilita;Illuminazione;NUM_FERITI;NUM_RISERVATA;NUM_MORTI;NUM_ILLESI;Longitudine;Latitudine;Confermato;Progressivo;TipoVeicolo;StatoVeicolo;TipoPersona;Sesso;Tipolesione;Deceduto;DecedutoDopo;CinturaCascoUtilizzato;Airbag;
5347190;10;30/03/2021 11:00:00;Strada Urbana;VIALE PALMIRO TOGLIATTI;in corrispondenza;;del civico n.;171;;Veicolo in marcia contro veicolo in sosta;Rettilineo;Pi� di due carreggiate;Asciutto;Asfaltata;Verticale ed orizzontale;Sereno;Normale;Buona;;0;0;0;0;12.5698;41.8603;-1;2;Autocarro inferiore 35 q.;Sosta;;;;;;;
5347203;15;30/03/2021 09:57:00;Strada Urbana;VIA DELLA MAGLIANA;in corrispondenza;;del civico n.;105;;Scontro frontale/laterale DX fra veicoli in marcia;Rettilineo;Una carreggiata a doppio senso;Asciutto;Asfaltata;Orizzontale;Sereno;Normale;Buona;;1;0;0;1;12.4585;41.8553;-1;1;Autovettura privata;In marcia / fermata / arresto;Conducente;F;Illeso;0;;Non accertato;Inesploso
5347203;15;30/03/2021 09:57:00;Strada Urbana;VIA DELLA MAGLIANA;in corrispondenza;;del civico n.;105;;Scontro frontale/laterale DX fra veicoli in marcia;Rettilineo;Una carreggiata a doppio senso;Asciutto;Asfaltata;Orizzontale;Sereno;Normale;Buona;;1;0;0;1;12.4585;41.8553;-1;2;Motociclo a solo;In marcia / fermata / arresto;Conducente;M;Rimandato;0;NON DECEDUTO;Non accertato;
5347220;16;30/03/2021 10:55:00;Strada Urbana;VIA BERNARDINO RAMAZZINI;all'intersezione semaforizzata con;VIA GIACOMO FOLCHI;VIA GIACOMO FOLCHI;;;Scontro laterale fra veicoli in marcia;Intersezione semaforizzata;Una carreggiata a doppio senso;Asciutto;Asfaltata;Verticale ed orizzontale;Sereno;Normale;Buona;;0;0;0;2;12.4505;41.8666;-1;1;Autovettura privata;In marcia / fermata / arresto;Conducente;M;Illeso;0;;Non accertato;Inesploso
5347220;16;30/03/2021 10:55:00;Strada Urbana;VIA BERNARDINO RAMAZZINI;all'intersezione semaforizzata con;VIA GIACOMO FOLCHI;VIA GIACOMO FOLCHI;;;Scontro laterale fra veicoli in marcia;Intersezione semaforizzata;Una carreggiata a doppio senso;Asciutto;Asfaltata;Verticale ed orizzontale;Sereno;Normale;Buona;;0;0;0;2;12.4505;41.8666;-1;2;Motociclo a solo;In marcia / fermata / arresto;Conducente;M;Illeso;0;;Non accertato;
5347231;16;30/03/2021 10:00:00;Strada Urbana;VIA BERNARDINO RAMAZZINI;in corrispondenza;;del palo luce n.;5;;Scontro frontale/laterale SX fra veicoli in marcia;Rettilineo;Due carreggiate;Asciutto;Asfaltata;Orizzontale;Sereno;Normale;Buona;;0;0;0;2;12.4505;41.8666;-1;1;Autovettura privata;In marcia / fermata / arresto;Conducente;M;Illeso;0;;Non accertato;Inesploso
5347231;16;30/03/2021 10:00:00;Strada Urbana;VIA BERNARDINO RAMAZZINI;in corrispondenza;;del palo luce n.;5;;Scontro frontale/laterale SX fra veicoli in marcia;Rettilineo;Due carreggiate;Asciutto;Asfaltata;Orizzontale;Sereno;Normale;Buona;;0;0;0;2;12.4505;41.8666;-1;2;Autovettura privata;In marcia / fermata / arresto;Conducente;M;Illeso;0;;Non accertato;Inesploso
5347236;15;30/03/2021 08:25:00;Strada Urbana;VIA DEL MONTE DELLE CAPRE;da specificare;;;;FRONTE CIVICO 40;Scontro laterale fra veicoli in marcia;Rettilineo;Una carreggiata a doppio senso;Asciutto;Asfaltata;Verticale ed orizzontale;Sereno;Normale;Buona;;0;0;0;2;12.4317;41.845;-1;1;Autovettura privata;In marcia / fermata / arresto;Conducente;F;Illeso;0;;Non accertato;Inesploso
5347236;15;30/03/2021 08:25:00;Strada Urbana;VIA DEL MONTE DELLE CAPRE;da specificare;;;;FRONTE CIVICO 40;Scontro laterale fra veicoli in marcia;Rettilineo;Una carreggiata a doppio senso;Asciutto;Asfaltata;Verticale ed orizzontale;Sereno;Normale;Buona;;0;0;0;2;12.4317;41.845;-1;2;Autovettura privata;In marcia / fermata / arresto;Conducente;F;Illeso;0;;Non accertato;Inesploso
5347260;15;30/03/2021 16:05:00;Strada Urbana;VIA PIEVE FOSCIANA;all'intersezione con;VIA DELL'IMPRUNETA;VIA DELL'IMPRUNETA;;;Scontro frontale/laterale DX fra veicoli in marcia;Intersezione stradale segnalata;Due carreggiate;Asciutto;Asfaltata;Verticale ed orizzontale;Sereno;Normale;Buona;;1;0;0;3;12.4619;41.8464;-1;1;Autovettura privata;In marcia / fermata / arresto;Conducente;M;Illeso;0;;Non accertato;
5347260;15;30/03/2021 16:05:00;Strada Urbana;VIA PIEVE FOSCIANA;all'intersezione con;VIA DELL'IMPRUNETA;VIA DELL'IMPRUNETA;;;Scontro frontale/laterale DX fra veicoli in marcia;Intersezione stradale segnalata;Due carreggiate;Asciutto;Asfaltata;Verticale ed orizzontale;Sereno;Normale;Buona;;1;0;0;3;12.4619;41.8464;-1;1;Autovettura privata;In marcia / fermata / arresto;Passeggero;F;Illeso;0;;;Inesploso
5347260;15;30/03/2021 16:05:00;Strada Urbana;VIA PIEVE FOSCIANA;all'intersezione con;VIA DELL'IMPRUNETA;VIA DELL'IMPRUNETA;;;Scontro frontale/laterale DX fra veicoli in marcia;Intersezione stradale segnalata;Due carreggiate;Asciutto;Asfaltata;Verticale ed orizzontale;Sereno;Normale;Buona;;1;0;0;3;12.4619;41.8464;-1;1;Autovettura privata;In marcia / fermata / arresto;Passeggero;F;Illeso;0;;;Inesploso
5347260;15;30/03/2021 16:05:00;Strada Urbana;VIA PIEVE FOSCIANA;all'intersezione con;VIA DELL'IMPRUNETA;VIA DELL'IMPRUNETA;;;Scontro frontale/laterale DX fra veicoli in marcia;Intersezione stradale segnalata;Due carreggiate;Asciutto;Asfaltata;Verticale ed orizzontale;Sereno;Normale;Buona;;1;0;0;3;12.4619;41.8464;-1;2;Velocipede;In marcia / fermata / arresto;Conducente;M;Rimandato;0;NON DECEDUTO;Esente;
5347262;16;30/03/2021 11:00:00;Strada Urbana;CIRCONVALLAZIONE GIANICOLENSE;all'intersezione con;VIA DEL CASALETTO;VIA DEL CASALETTO;;;Investimento di pedone;Intersezione semaforizzata;Una carreggiata a doppio senso;Asciutto;Asfaltata;Verticale ed orizzontale;Sereno;Normale;Buona;;1;0;0;1;12.4496;41.8725;-1;;;;Pedone;F;Rimandato;0;NON DECEDUTO;;
5347262;16;30/03/2021 11:00:00;Strada Urbana;CIRCONVALLAZIONE GIANICOLENSE;all'intersezione con;VIA DEL CASALETTO;VIA DEL CASALETTO;;;Investimento di pedone;Intersezione semaforizzata;Una carreggiata a doppio senso;Asciutto;Asfaltata;Verticale ed orizzontale;Sereno;Normale;Buona;;1;0;0;1;12.4496;41.8725;-1;1;Autovettura privata;In marcia / fermata / arresto;Conducente;M;Illeso;0;;Non accertato;Inesploso
5347356;8;30/03/2021 06:30:00;Strada Urbana;VIA DEL CASALONE;in prossimit�;;del civico n.;76;;Scontro laterale fra veicoli in marcia;Curva a visuale libera;Una carreggiata a doppio senso;Asciutto;Asfaltata;Verticale ed orizzontale;Sereno;Normale;Sufficiente;;0;0;0;2;12.682;41.9177;-1;1;Autovettura privata;In marcia / fermata / arresto;Conducente;M;Illeso;0;;Non accertato;Inesploso
5347356;8;30/03/2021 06:30:00;Strada Urbana;VIA DEL CASALONE;in prossimit�;;del civico n.;76;;Scontro laterale fra veicoli in marcia;Curva a visuale libera;Una carreggiata a doppio senso;Asciutto;Asfaltata;Verticale ed orizzontale;Sereno;Normale;Sufficiente;;0;0;0;2;12.682;41.9177;-1;2;Autovettura privata;In marcia / fermata / arresto;Conducente;F;Illeso;0;;Non accertato;Inesploso
5347357;8;30/03/2021 08:40:00;Strada Urbana;VIALE OXFORD;da specificare;;;;ROTATORIA PTV VIALE DELLA SORBONA;Scontro laterale fra veicoli in marcia;Rotatoria;Una carreggiata a senso unico di marcia;Asciutto;Asfaltata;Verticale ed orizzontale;Sereno;Normale;Buona;;0;0;0;2;12.6254;41.8574;-1;1;Autovettura privata;In marcia / fermata / arresto;Conducente;M;Illeso;0;;Non accertato;Inesploso
5347357;8;30/03/2021 08:40:00;Strada Urbana;VIALE OXFORD;da specificare;;;;ROTATORIA PTV VIALE DELLA SORBONA;Scontro laterale fra veicoli in marcia;Rotatoria;Una carreggiata a senso unico di marcia;Asciutto;Asfaltata;Verticale ed orizzontale;Sereno;Normale;Buona;;0;0;0;2;12.6254;41.8574;-1;2;Autovettura privata;In marcia / fermata / arresto;Conducente;M;Illeso;0;;Non accertato;Inesploso
5347358;8;30/03/2021 08:45:00;Strada Urbana;VIA LUIGI MANFREDINI;in corrispondenza;;del civico n.;37;;Scontro laterale fra veicoli in marcia;Rettilineo;Una carreggiata a senso unico di marcia;Asciutto;Asfaltata;Assente;Sereno;Scarso;Buona;;0;0;0;2;12.6227;41.8689;-1;1;Autovettura privata;In marcia / fermata / arresto;Conducente;M;Illeso;0;;Non accertato;Inesploso
5347358;8;30/03/2021 08:45:00;Strada Urbana;VIA LUIGI MANFREDINI;in corrispondenza;;del civico n.;37;;Scontro laterale fra veicoli in marcia;Rettilineo;Una carreggiata a senso unico di marcia;Asciutto;Asfaltata;Assente;Sereno;Scarso;Buona;;0;0;0;2;12.6227;41.8689;-1;2;Autovettura privata;In marcia / fermata / arresto;Conducente;M;Illeso;0;;Non accertato;Inesploso
5347361;8;30/03/2021 10:15:00;Strada Urbana;VIA PRENESTINA;in corrispondenza;;del civico n.;1146;;Tamponamento;Rettilineo;Una carreggiata a doppio senso;Asciutto;Asfaltata;Assente;Sereno;Normale;Buona;;1;0;0;1;12.6202;41.8929;-1;1;Autovettura privata;In marcia / fermata / arresto;Conducente;M;Illeso;0;;;
5347361;8;30/03/2021 10:15:00;Strada Urbana;VIA PRENESTINA;in corrispondenza;;del civico n.;1146;;Tamponamento;Rettilineo;Una carreggiata a doppio senso;Asciutto;Asfaltata;Assente;Sereno;Normale;Buona;;1;0;0;1;12.6202;41.8929;-1;2;Motociclo a solo;In marcia / fermata / arresto;Conducente;M;Rimandato;0;NON DECEDUTO;;
5347362;8;30/03/2021 11:00:00;Comunale extraurbana;VIA DI LUNGHEZZINA;in corrispondenza;;del civico n.;142;;Investimento di pedone;Rettilineo;Una carreggiata a doppio senso;Asciutto;Asfaltata;Orizzontale;Sereno;Scarso;Buona;;1;0;0;1;12.6907;41.9304;-1;;;;Pedone;F;Rimandato;0;NON DECEDUTO;;
5347362;8;30/03/2021 11:00:00;Comunale extraurbana;VIA DI LUNGHEZZINA;in corrispondenza;;del civico n.;142;;Investimento di pedone;Rettilineo;Una carreggiata a doppio senso;Asciutto;Asfaltata;Orizzontale;Sereno;Scarso;Buona;;1;0;0;1;12.6907;41.9304;-1;1;Autovettura privata;In marcia / fermata / arresto;Conducente;M;Illeso;0;;Non accertato;Inesploso
5347363;8;30/03/2021 13:45:00;Strada Urbana;VIA CASILINA;da specificare;;;;area parcheggio Grotte Celoni f. civ. 1665;Investimento di pedone;Rettilineo;Una carreggiata a senso unico di marcia;Asciutto;Asfaltata;Orizzontale;Sereno;Scarso;Buona;;1;0;0;1;12.6452;41.8625;-1;;;;Pedone;M;Rimandato;0;NON DECEDUTO;;
5347363;8;30/03/2021 13:45:00;Strada Urbana;VIA CASILINA;da specificare;;;;area parcheggio Grotte Celoni f. civ. 1665;Investimento di pedone;Rettilineo;Una carreggiata a senso unico di marcia;Asciutto;Asfaltata;Orizzontale;Sereno;Scarso;Buona;;1;0;0;1;12.6452;41.8625;-1;1;Autocarro inferiore 35 q.;In marcia / fermata / arresto;Conducente;M;Illeso;0;;Non accertato;Inesploso
5347364;8;30/03/2021 15:10:00;Strada Urbana;VIA SICULIANA;all'intersezione con;VIA SAN GIOVANNI LA PUNTA;VIA SAN GIOVANNI LA PUNTA;;;Scontro frontale/laterale SX fra veicoli in marcia;Intersezione non regolata/non segnalata;Una carreggiata a doppio senso;Asciutto;Asfaltata;Verticale ed orizzontale;Sereno;Scarso;Buona;;1;0;0;2;12.6537;41.8716;-1;1;Autovettura privata;In marcia / fermata / arresto;Conducente;M;Rimandato;0;NON DECEDUTO;Non accertato;Inesploso
5347364;8;30/03/2021 15:10:00;Strada Urbana;VIA SICULIANA;all'intersezione con;VIA SAN GIOVANNI LA PUNTA;VIA SAN GIOVANNI LA PUNTA;;;Scontro frontale/laterale SX fra veicoli in marcia;Intersezione non regolata/non segnalata;Una carreggiata a doppio senso;Asciutto;Asfaltata;Verticale ed orizzontale;Sereno;Scarso;Buona;;1;0;0;2;12.6537;41.8716;-1;2;Autovettura privata;In marcia / fermata / arresto;Conducente;F;Illeso;0;;Non accertato;Inesploso
5347364;8;30/03/2021 15:10:00;Strada Urbana;VIA SICULIANA;all'intersezione con;VIA SAN GIOVANNI LA PUNTA;VIA SAN GIOVANNI LA PUNTA;;;Scontro frontale/laterale SX fra veicoli in marcia;Intersezione non regolata/non segnalata;Una carreggiata a doppio senso;Asciutto;Asfaltata;Verticale ed orizzontale;Sereno;Scarso;Buona;;1;0;0;2;12.6537;41.8716;-1;2;Autovettura privata;In marcia / fermata / arresto;Passeggero;F;Illeso;0;;Non accertato;Inesploso
5347364;8;30/03/2021 15:10:00;Strada Urbana;VIA SICULIANA;all'intersezione con;VIA SAN GIOVANNI LA PUNTA;VIA SAN GIOVANNI LA PUNTA;;;Scontro frontale/laterale SX fra veicoli in marcia;Intersezione non regolata/non segnalata;Una carreggiata a doppio senso;Asciutto;Asfaltata;Verticale ed orizzontale;Sereno;Scarso;Buona;;1;0;0;2;12.6537;41.8716;-1;3;Autovettura privata;Sosta;;;;;;;
5347365;8;30/03/2021 16:05:00;Strada Urbana;VIA BIANCAVILLA;da specificare;;;;prossimit� VIA PIEDIMONTE ETNEO;Scontro laterale fra veicoli in marcia;Rettilineo;Una carreggiata a doppio senso;Asciutto;Asfaltata;Verticale ed orizzontale;Sereno;Normale;Buona;;1;0;0;1;12.6679;41.8651;-1;1;Autovettura privata;In marcia / fermata / arresto;Conducente;M;Illeso;0;;;
5347365;8;30/03/2021 16:05:00;Strada Urbana;VIA BIANCAVILLA;da specificare;;;;prossimit� VIA PIEDIMONTE ETNEO;Scontro laterale fra veicoli in marcia;Rettilineo;Una carreggiata a doppio senso;Asciutto;Asfaltata;Verticale ed orizzontale;Sereno;Normale;Buona;;1;0;0;1;12.6679;41.8651;-1;2;Autovettura privata;In marcia / fermata / arresto;Conducente;M;Rifiuta cure immediate;0;NON DECEDUTO;;
5347367;8;30/03/2021 16:50:00;Strada Urbana;VIA DI VERMICINO;in prossimit�;;del civico n.;73;;Veicolo in marcia contro veicolo fermo;Rettilineo;Una carreggiata a doppio senso;Asciutto;Asfaltata;Orizzontale;Sereno;Normale;Buona;;1;0;0;2;12.6736;41.8586;-1;1;Autovettura privata;In marcia / fermata / arresto;Conducente;M;Illeso;0;;Non accertato;Inesploso
5347367;8;30/03/2021 16:50:00;Strada Urbana;VIA DI VERMICINO;in prossimit�;;del civico n.;73;;Veicolo in marcia contro veicolo fermo;Rettilineo;Una carreggiata a doppio senso;Asciutto;Asfaltata;Orizzontale;Sereno;Normale;Buona;;1;0;0;2;12.6736;41.8586;-1;1;Autovettura privata;In marcia / fermata / arresto;Passeggero;M;Illeso;0;;Non accertato;Inesploso
5347367;8;30/03/2021 16:50:00;Strada Urbana;VIA DI VERMICINO;in prossimit�;;del civico n.;73;;Veicolo in marcia contro veicolo fermo;Rettilineo;Una carreggiata a doppio senso;Asciutto;Asfaltata;Orizzontale;Sereno;Normale;Buona;;1;0;0;2;12.6736;41.8586;-1;2;Autovettura privata;In marcia / fermata / arresto;Conducente;M;Rifiuta cure immediate;0;NON DECEDUTO;;
5347368;8;30/03/2021 17:30:00;Strada Urbana;VIA DI TORRENOVA;all'intersezione con;VIA MEROPE;VIA MEROPE;;;Scontro laterale fra veicoli in marcia;Incrocio;Una carreggiata a doppio senso;Asciutto;Asfaltata;Verticale;Sereno;Normale;Buona;;3;0;0;3;12.6183;41.8782;-1;1;Autovettura privata;In marcia / fermata / arresto;Conducente;F;Rifiuta cure immediate;0;NON DECEDUTO;;
5347368;8;30/03/2021 17:30:00;Strada Urbana;VIA DI TORRENOVA;all'intersezione con;VIA MEROPE;VIA MEROPE;;;Scontro laterale fra veicoli in marcia;Incrocio;Una carreggiata a doppio senso;Asciutto;Asfaltata;Verticale;Sereno;Normale;Buona;;3;0;0;3;12.6183;41.8782;-1;1;Autovettura privata;In marcia / fermata / arresto;Passeggero;F;Rifiuta cure immediate;0;NON DECEDUTO;;
5347368;8;30/03/2021 17:30:00;Strada Urbana;VIA DI TORRENOVA;all'intersezione con;VIA MEROPE;VIA MEROPE;;;Scontro laterale fra veicoli in marcia;Incrocio;Una carreggiata a doppio senso;Asciutto;Asfaltata;Verticale;Sereno;Normale;Buona;;3;0;0;3;12.6183;41.8782;-1;1;Autovettura privata;In marcia / fermata / arresto;Passeggero;F;Rifiuta cure immediate;0;NON DECEDUTO;;
5347368;8;30/03/2021 17:30:00;Strada Urbana;VIA DI TORRENOVA;all'intersezione con;VIA MEROPE;VIA MEROPE;;;Scontro laterale fra veicoli in marcia;Incrocio;Una carreggiata a doppio senso;Asciutto;Asfaltata;Verticale;Sereno;Normale;Buona;;3;0;0;3;12.6183;41.8782;-1;2;Autovettura privata;In marcia / fermata / arresto;Conducente;F;Illeso;0;;;
5347368;8;30/03/2021 17:30:00;Strada Urbana;VIA DI TORRENOVA;all'intersezione con;VIA MEROPE;VIA MEROPE;;;Scontro laterale fra veicoli in marcia;Incrocio;Una carreggiata a doppio senso;Asciutto;Asfaltata;Verticale;Sereno;Normale;Buona;;3;0;0;3;12.6183;41.8782;-1;2;Autovettura privata;In marcia / fermata / arresto;Passeggero;F;Illeso;0;;;
5347368;8;30/03/2021 17:30:00;Strada Urbana;VIA DI TORRENOVA;all'intersezione con;VIA MEROPE;VIA MEROPE;;;Scontro laterale fra veicoli in marcia;Incrocio;Una carreggiata a doppio senso;Asciutto;Asfaltata;Verticale;Sereno;Normale;Buona;;3;0;0;3;12.6183;41.8782;-1;2;Autovettura privata;In marcia / fermata / arresto;Passeggero;M;Illeso;0;;;
5347369;8;30/03/2021 19:00:00;Strada Urbana;VIA GIORGIO GRAPPELLI;da specificare;;;;altezza ROMA EST;Tamponamento;Rettilineo;Due carreggiate;Asciutto;Asfaltata;Verticale ed orizzontale;Sereno;Normale;Buona;;0;0;0;3;12.6571;41.9118;-1;1;Autovettura privata;In marcia / fermata / arresto;Conducente;M;Illeso;0;;Non accertato;Inesploso
5347369;8;30/03/2021 19:00:00;Strada Urbana;VIA GIORGIO GRAPPELLI;da specificare;;;;altezza ROMA EST;Tamponamento;Rettilineo;Due carreggiate;Asciutto;Asfaltata;Verticale ed orizzontale;Sereno;Normale;Buona;;0;0;0;3;12.6571;41.9118;-1;1;Autovettura privata;In marcia / fermata / arresto;Passeggero;F;Illeso;0;;Non accertato;Inesploso
5347369;8;30/03/2021 19:00:00;Strada Urbana;VIA GIORGIO GRAPPELLI;da specificare;;;;altezza ROMA EST;Tamponamento;Rettilineo;Due carreggiate;Asciutto;Asfaltata;Verticale ed orizzontale;Sereno;Normale;Buona;;0;0;0;3;12.6571;41.9118;-1;2;Autovettura privata;In marcia / fermata / arresto;Conducente;M;Illeso;0;;Non accertato;Inesploso
5347370;8;30/03/2021 21:30:00;Strada Urbana;VIA PRENESTINA;in prossimit�;;del civico n.;1220;;Scontro frontale fra veicoli in marcia;Rettilineo;Una carreggiata a doppio senso;Asciutto;Asfaltata;Assente;Sereno;Normale;Buona;;3;0;0;2;12.6313;41.8927;-1;1;Autovettura privata;In marcia / fermata / arresto;Conducente;M;Rimandato;0;NON DECEDUTO;Non accertato;Esploso
5347370;8;30/03/2021 21:30:00;Strada Urbana;VIA PRENESTINA;in prossimit�;;del civico n.;1220;;Scontro frontale fra veicoli in marcia;Rettilineo;Una carreggiata a doppio senso;Asciutto;Asfaltata;Assente;Sereno;Normale;Buona;;3;0;0;2;12.6313;41.8927;-1;2;Autovettura privata;In marcia / fermata / arresto;Conducente;M;Illeso;0;;;
5347370;8;30/03/2021 21:30:00;Strada Urbana;VIA PRENESTINA;in prossimit�;;del civico n.;1220;;Scontro frontale fra veicoli in marcia;Rettilineo;Una carreggiata a doppio senso;Asciutto;Asfaltata;Assente;Sereno;Normale;Buona;;3;0;0;2;12.6313;41.8927;-1;3;Autovettura privata;In marcia / fermata / arresto;Conducente;F;Illeso;0;;;
5347370;8;30/03/2021 21:30:00;Strada Urbana;VIA PRENESTINA;in prossimit�;;del civico n.;1220;;Scontro frontale fra veicoli in marcia;Rettilineo;Una carreggiata a doppio senso;Asciutto;Asfaltata;Assente;Sereno;Normale;Buona;;3;0;0;2;12.6313;41.8927;-1;4;Autovettura privata;In marcia / fermata / arresto;Conducente;M;Ricoverato;0;NON DECEDUTO;;
5347370;8;30/03/2021 21:30:00;Strada Urbana;VIA PRENESTINA;in prossimit�;;del civico n.;1220;;Scontro frontale fra veicoli in marcia;Rettilineo;Una carreggiata a doppio senso;Asciutto;Asfaltata;Assente;Sereno;Normale;Buona;;3;0;0;2;12.6313;41.8927;-1;4;Autovettura privata;In marcia / fermata / arresto;Passeggero;M;Rimandato;0;NON DECEDUTO;;
5347523;1;31/03/2021 00:55:00;Strada Urbana;LUNGOTEVERE MARZIO;da specificare;;;;in corriaspondenza di Ponte Cavour;Scontro frontale/laterale DX fra veicoli in marcia;Rettilineo;Una carreggiata a senso unico di marcia;Asciutto;In cubetti di porfido;Verticale ed orizzontale;Sereno;Scarso;Buona;;2;0;0;4;12.4751;41.9049;-1;1;Autovettura di polizia;In marcia / fermata / arresto;Conducente;M;Rimandato;0;NON DECEDUTO;Non accertato;Esploso
5347523;1;31/03/2021 00:55:00;Strada Urbana;LUNGOTEVERE MARZIO;da specificare;;;;in corriaspondenza di Ponte Cavour;Scontro frontale/laterale DX fra veicoli in marcia;Rettilineo;Una carreggiata a senso unico di marcia;Asciutto;In cubetti di porfido;Verticale ed orizzontale;Sereno;Scarso;Buona;;2;0;0;4;12.4751;41.9049;-1;1;Autovettura di polizia;In marcia / fermata / arresto;Passeggero;F;Rimandato;0;NON DECEDUTO;;
5347523;1;31/03/2021 00:55:00;Strada Urbana;LUNGOTEVERE MARZIO;da specificare;;;;in corriaspondenza di Ponte Cavour;Scontro frontale/laterale DX fra veicoli in marcia;Rettilineo;Una carreggiata a senso unico di marcia;Asciutto;In cubetti di porfido;Verticale ed orizzontale;Sereno;Scarso;Buona;;2;0;0;4;12.4751;41.9049;-1;2;Altro;In marcia / fermata / arresto;Conducente;M;Illeso;0;;Esente;Inesploso
5347523;1;31/03/2021 00:55:00;Strada Urbana;LUNGOTEVERE MARZIO;da specificare;;;;in corriaspondenza di Ponte Cavour;Scontro frontale/laterale DX fra veicoli in marcia;Rettilineo;Una carreggiata a senso unico di marcia;Asciutto;In cubetti di porfido;Verticale ed orizzontale;Sereno;Scarso;Buona;;2;0;0;4;12.4751;41.9049;-1;2;Altro;In marcia / fermata / arresto;Passeggero;M;Illeso;0;;;
5347523;1;31/03/2021 00:55:00;Strada Urbana;LUNGOTEVERE MARZIO;da specificare;;;;in corriaspondenza di Ponte Cavour;Scontro frontale/laterale DX fra veicoli in marcia;Rettilineo;Una carreggiata a senso unico di marcia;Asciutto;In cubetti di porfido;Verticale ed orizzontale;Sereno;Scarso;Buona;;2;0;0;4;12.4751;41.9049;-1;2;Altro;In marcia / fermata / arresto;Passeggero;M;Illeso;0;;;
5347541;20;30/03/2021 15:20:00;Strada Urbana;VIA DELLA CAMILLUCCIA;in prossimit�;;del civico n.;699;;Tamponamento;Curva senza visuale libera;Una carreggiata a doppio senso;Asciutto;Asfaltata;Verticale ed orizzontale;Sereno;Normale;Buona;;0;0;0;3;12.4557;41.9498;-1;1;Autovettura privata;In marcia / fermata / arresto;Conducente;M;Illeso;0;;Non accertato;
5347541;20;30/03/2021 15:20:00;Strada Urbana;VIA DELLA CAMILLUCCIA;in prossimit�;;del civico n.;699;;Tamponamento;Curva senza visuale libera;Una carreggiata a doppio senso;Asciutto;Asfaltata;Verticale ed orizzontale;Sereno;Normale;Buona;;0;0;0;3;12.4557;41.9498;-1;2;Autovettura privata;In marcia / fermata / arresto;Conducente;M;Illeso;0;;Non accertato;
5347541;20;30/03/2021 15:20:00;Strada Urbana;VIA DELLA CAMILLUCCIA;in prossimit�;;del civico n.;699;;Tamponamento;Curva senza visuale libera;Una carreggiata a doppio senso;Asciutto;Asfaltata;Verticale ed orizzontale;Sereno;Normale;Buona;;0;0;0;3;12.4557;41.9498;-1;2;Autovettura privata;In marcia / fermata / arresto;Passeggero;F;Illeso;0;;Non accertato;
5347557;11;30/03/2021 21:30:00;Strada Urbana;VIA ARDEATINA;da specificare;;;;Prossimit� civico 822;Ribaltamento senza urto contro ostacolo fisso;Curva a visuale libera;Una carreggiata a doppio senso;Asciutto;Asfaltata;Verticale ed orizzontale;Sereno;Scarso;Insufficiente;;2;0;0;0;12.5324;41.8069;-1;1;Autovettura privata;In marcia / fermata / arresto;Conducente;M;Rimandato;0;NON DECEDUTO;;
5347557;11;30/03/2021 21:30:00;Strada Urbana;VIA ARDEATINA;da specificare;;;;Prossimit� civico 822;Ribaltamento senza urto contro ostacolo fisso;Curva a visuale libera;Una carreggiata a doppio senso;Asciutto;Asfaltata;Verticale ed orizzontale;Sereno;Scarso;Insufficiente;;2;0;0;0;12.5324;41.8069;-1;1;Autovettura privata;In marcia / fermata / arresto;Passeggero;F;Rimandato;0;NON DECEDUTO;;
5347560;12;30/03/2021 08:05:00;Strada Urbana;VIA LUIGI CHIARINI;all'intersezione con;VIA JOHN LENNON;VIA JOHN LENNON;;;Scontro frontale/laterale SX fra veicoli in marcia;Intersezione stradale segnalata;Una carreggiata a doppio senso;Asciutto;Asfaltata;Verticale ed orizzontale;Sereno;Scarso;Buona;;1;0;0;4;12.4622;41.7943;-1;1;Autovettura privata;In marcia / fermata / arresto;Conducente;F;Illeso;0;;;
5347560;12;30/03/2021 08:05:00;Strada Urbana;VIA LUIGI CHIARINI;all'intersezione con;VIA JOHN LENNON;VIA JOHN LENNON;;;Scontro frontale/laterale SX fra veicoli in marcia;Intersezione stradale segnalata;Una carreggiata a doppio senso;Asciutto;Asfaltata;Verticale ed orizzontale;Sereno;Scarso;Buona;;1;0;0;4;12.4622;41.7943;-1;1;Autovettura privata;In marcia / fermata / arresto;Passeggero;F;Illeso;0;;;
5347560;12;30/03/2021 08:05:00;Strada Urbana;VIA LUIGI CHIARINI;all'intersezione con;VIA JOHN LENNON;VIA JOHN LENNON;;;Scontro frontale/laterale SX fra veicoli in marcia;Intersezione stradale segnalata;Una carreggiata a doppio senso;Asciutto;Asfaltata;Verticale ed orizzontale;Sereno;Scarso;Buona;;1;0;0;4;12.4622;41.7943;-1;1;Autovettura privata;In marcia / fermata / arresto;Passeggero;M;Illeso;0;;;
5347560;12;30/03/2021 08:05:00;Strada Urbana;VIA LUIGI CHIARINI;all'intersezione con;VIA JOHN LENNON;VIA JOHN LENNON;;;Scontro frontale/laterale SX fra veicoli in marcia;Intersezione stradale segnalata;Una carreggiata a doppio senso;Asciutto;Asfaltata;Verticale ed orizzontale;Sereno;Scarso;Buona;;1;0;0;4;12.4622;41.7943;-1;2;Autovettura privata;In marcia / fermata / arresto;Conducente;F;Illeso;0;;;