Protocollo;Gruppo;DataOraIncidente;Localizzazione1;STRADA1;Localizzazione2;STRADA2;Strada02;Chilometrica;DaSpecificare;NaturaIncidente;particolaritastrade;TipoStrada;FondoStradale;Pavimentazione;Segnaletica;CondizioneAtmosferica;Traffico;Visibilita;Illuminazione;NUM_FERITI;NUM_RISERVATA;NUM_MORTI;NUM_ILLESI;Longitudine;Latitudine;Confermato;Progressivo;TipoVeicolo;StatoVeicolo;TipoPersona;Sesso;Tipolesione;Deceduto;DecedutoDopo;CinturaCascoUtilizzato;Airbag;
5349384;13;31/03/2021 14:20:00;Strada Urbana;VIA CASAL BERNOCCHI;in corrispondenza;;del civico n.;77;;Veicolo in marcia contro veicolo in sosta;Rettilineo;Due carreggiate;Asciutto;Asfaltata;Orizzontale;Sereno;Normale;Buona;;0;0;0;3;12.381;41.7842;-1;2;Autovettura privata;In marcia / fermata / arresto;Passeggero;M;Illeso;0;;Non accertato;
5349389;18;30/03/2021 17:45:00;Strada Urbana;VIA GREGORIO VII;in prossimit�;;del civico n.;292;;Veicolo in marcia contro veicoli in sosta;Rettilineo;Pi� di due carreggiate;Asciutto;Asfaltata;Verticale ed orizzontale;Sereno;Normale;Buona;;1;0;0;0;12.4395;41.896;-1;1;Motociclo a solo;In marcia / fermata / arresto;Conducente;M;Rimandato;0;NON DECEDUTO;Non accertato;
5349389;18;30/03/2021 17:45:00;Strada Urbana;VIA GREGORIO VII;in prossimit�;;del civico n.;292;;Veicolo in marcia contro veicoli in sosta;Rettilineo;Pi� di due carreggiate;Asciutto;Asfaltata;Verticale ed orizzontale;Sereno;Normale;Buona;;1;0;0;0;12.4395;41.896;-1;2;Autovettura privata;Sosta;;;;;;;
5349389;18;30/03/2021 17:45:00;Strada Urbana;VIA GREGORIO VII;in prossimit�;;del civico n.;292;;Veicolo in marcia contro veicoli in sosta;Rettilineo;Pi� di due carreggiate;Asciutto;Asfaltata;Verticale ed orizzontale;Sereno;Normale;Buona;;1;0;0;0;12.4395;41.896;-1;3;Autovettura privata;Sosta;;;;;;;
5349391;6;31/03/2021 18:00:00;Provinciale entro l'abitato;VIA PRENESTINA;in corrispondenza;;del civico n.;97;;Veicolo in marcia contro veicolo in sosta;Rettilineo;Pi� di due carreggiate;Asciutto;Asfaltata;Verticale ed orizzontale;Sereno;Normale;Sufficiente;;0;0;0;1;12.5318;41.8922;-1;1;Autovettura pubblica;In marcia / fermata / arresto;Conducente;M;Illeso;0;;;
5349391;6;31/03/2021 18:00:00;Provinciale entro l'abitato;VIA PRENESTINA;in corrispondenza;;del civico n.;97;;Veicolo in marcia contro veicolo in sosta;Rettilineo;Pi� di due carreggiate;Asciutto;Asfaltata;Verticale ed orizzontale;Sereno;Normale;Sufficiente;;0;0;0;1;12.5318;41.8922;-1;2;Autocarro superiore 35 q.;Sosta;;;;;;;
5349416;6;31/03/2021 20:00:00;Strada Urbana;VIA PRENESTINA;da specificare;;;;fronte civico 55 direzione GRA;Scontro laterale fra veicoli in marcia;Rettilineo;Due carreggiate;Asciutto;Asfaltata;Verticale ed orizzontale;Sereno;Normale;Buona;;1;0;0;1;12.5257;41.8911;-1;1;Autovettura privata;In marcia / fermata / arresto;Conducente;M;Illeso;0;;;
5349416;6;31/03/2021 20:00:00;Strada Urbana;VIA PRENESTINA;da specificare;;;;fronte civico 55 direzione GRA;Scontro laterale fra veicoli in marcia;Rettilineo;Due carreggiate;Asciutto;Asfaltata;Verticale ed orizzontale;Sereno;Normale;Buona;;1;0;0;1;12.5257;41.8911;-1;2;Motociclo a solo;In marcia / fermata / arresto;Conducente;M;Rifiuta cure immediate;0;NON DECEDUTO;;
5349418;19;30/03/2021 20:50:00;Strada Urbana;VIA DELL'ACQUEDOTTO DEL PESCHIERA;in corrispondenza;;del civico n.;171;;Veicolo in marcia contro veicoli in sosta;Rettilineo;Due carreggiate;Asciutto;Asfaltata;Orizzontale;Sereno;Normale;Buona;;0;0;0;0;12.425;41.9372;-1;2;Autovettura privata;Sosta;;;;;;;
5349418;19;30/03/2021 20:50:00;Strada Urbana;VIA DELL'ACQUEDOTTO DEL PESCHIERA;in corrispondenza;;del civico n.;171;;Veicolo in marcia contro veicoli in sosta;Rettilineo;Due carreggiate;Asciutto;Asfaltata;Orizzontale;Sereno;Normale;Buona;;0;0;0;0;12.425;41.9372;-1;3;Autovettura privata;Sosta;;;;;;;
5349419;20;31/03/2021 19:30:00;Strada Urbana;VIA CASSIA NUOVA;da specificare;;;;fr. civ. 48 (incrocio Via Pareto);Scontro frontale/laterale DX fra veicoli in marcia;Rettilineo;Una carreggiata a doppio senso;Asciutto;Asfaltata;Verticale ed orizzontale;Sereno;Normale;Buona;;0;0;0;3;12.469;41.95;-1;1;Autovettura privata;In marcia / fermata / arresto;Conducente;M;Illeso;0;;;
5349419;20;31/03/2021 19:30:00;Strada Urbana;VIA CASSIA NUOVA;da specificare;;;;fr. civ. 48 (incrocio Via Pareto);Scontro frontale/laterale DX fra veicoli in marcia;Rettilineo;Una carreggiata a doppio senso;Asciutto;Asfaltata;Verticale ed orizzontale;Sereno;Normale;Buona;;0;0;0;3;12.469;41.95;-1;1;Autovettura privata;In marcia / fermata / arresto;Passeggero;M;Illeso;0;;;
5349419;20;31/03/2021 19:30:00;Strada Urbana;VIA CASSIA NUOVA;da specificare;;;;fr. civ. 48 (incrocio Via Pareto);Scontro frontale/laterale DX fra veicoli in marcia;Rettilineo;Una carreggiata a doppio senso;Asciutto;Asfaltata;Verticale ed orizzontale;Sereno;Normale;Buona;;0;0;0;3;12.469;41.95;-1;2;Quadriciclo leggero;In marcia / fermata / arresto;Conducente;F;Illeso;0;;;
5349422;20;31/03/2021 18:40:00;Statale entro l'abitato;VIA CASSIA;all'intersezione con;VIA RIDOLFO LIVI;VIA RIDOLFO LIVI;;;Scontro frontale/laterale SX fra veicoli in marcia;Intersezione stradale segnalata;Una carreggiata a doppio senso;Asciutto;Asfaltata;Verticale ed orizzontale;Sereno;Intenso;Buona;;0;0;0;3;12.4028;41.9885;-1;1;Autovettura privata;In marcia / fermata / arresto;Conducente;M;Illeso;0;;Non accertato;Inesploso
5349422;20;31/03/2021 18:40:00;Statale entro l'abitato;VIA CASSIA;all'intersezione con;VIA RIDOLFO LIVI;VIA RIDOLFO LIVI;;;Scontro frontale/laterale SX fra veicoli in marcia;Intersezione stradale segnalata;Una carreggiata a doppio senso;Asciutto;Asfaltata;Verticale ed orizzontale;Sereno;Intenso;Buona;;0;0;0;3;12.4028;41.9885;-1;2;Motociclo con passeggero;In marcia / fermata / arresto;Conducente;M;Illeso;0;;Non accertato;
5349422;20;31/03/2021 18:40:00;Statale entro l'abitato;VIA CASSIA;all'intersezione con;VIA RIDOLFO LIVI;VIA RIDOLFO LIVI;;;Scontro frontale/laterale SX fra veicoli in marcia;Intersezione stradale segnalata;Una carreggiata a doppio senso;Asciutto;Asfaltata;Verticale ed orizzontale;Sereno;Intenso;Buona;;0;0;0;3;12.4028;41.9885;-1;2;Motociclo con passeggero;In marcia / fermata / arresto;Passeggero;M;Illeso;0;;Non accertato;
5349427;17;31/03/2021 15:18:00;Strada Urbana;VIA VIRGINIO ORSINI;in corrispondenza;;del civico n.;18A;;Scontro laterale fra veicoli in marcia;Rettilineo;Una carreggiata a senso unico di marcia;Asciutto;Asfaltata;Verticale ed orizzontale;Sereno;Normale;Buona;;0;0;0;3;12.4701;41.9102;-1;1;Autovettura pubblica;In marcia / fermata / arresto;Conducente;M;Illeso;0;;;
5349427;17;31/03/2021 15:18:00;Strada Urbana;VIA VIRGINIO ORSINI;in corrispondenza;;del civico n.;18A;;Scontro laterale fra veicoli in marcia;Rettilineo;Una carreggiata a senso unico di marcia;Asciutto;Asfaltata;Verticale ed orizzontale;Sereno;Normale;Buona;;0;0;0;3;12.4701;41.9102;-1;2;Autovettura privata;In marcia / fermata / arresto;Conducente;F;Illeso;0;;;
5349427;17;31/03/2021 15:18:00;Strada Urbana;VIA VIRGINIO ORSINI;in corrispondenza;;del civico n.;18A;;Scontro laterale fra veicoli in marcia;Rettilineo;Una carreggiata a senso unico di marcia;Asciutto;Asfaltata;Verticale ed orizzontale;Sereno;Normale;Buona;;0;0;0;3;12.4701;41.9102;-1;2;Autovettura privata;In marcia / fermata / arresto;Passeggero;F;Illeso;0;;;
5349427;17;31/03/2021 15:18:00;Strada Urbana;VIA VIRGINIO ORSINI;in corrispondenza;;del civico n.;18A;;Scontro laterale fra veicoli in marcia;Rettilineo;Una carreggiata a senso unico di marcia;Asciutto;Asfaltata;Verticale ed orizzontale;Sereno;Normale;Buona;;0;0;0;3;12.4701;41.9102;-1;3;Autovettura privata;Sosta;;;;;;;
5349428;19;31/03/2021 10:00:00;Strada Urbana;VIA FRATELLI GUALANDI;all'intersezione con;VIA OTTAVIO GIGLI;VIA OTTAVIO GIGLI;;;Scontro laterale fra veicoli in marcia;Intersezione stradale segnalata;Una carreggiata a senso unico di marcia;Asciutto;Asfaltata;Verticale;Sereno;Normale;Buona;;0;0;0;2;12.4212;41.942;-1;1;Autovettura privata;In marcia / fermata / arresto;Conducente;F;Illeso;0;;Non accertato;Inesploso
5349428;19;31/03/2021 10:00:00;Strada Urbana;VIA FRATELLI GUALANDI;all'intersezione con;VIA OTTAVIO GIGLI;VIA OTTAVIO GIGLI;;;Scontro laterale fra veicoli in marcia;Intersezione stradale segnalata;Una carreggiata a senso unico di marcia;Asciutto;Asfaltata;Verticale;Sereno;Normale;Buona;;0;0;0;2;12.4212;41.942;-1;2;Autovettura privata;In marcia / fermata / arresto;Conducente;M;Illeso;0;;Non accertato;Inesploso
5349429;7;31/03/2021 16:15:00;Strada Urbana;VIA CASILINA;in corrispondenza;;del civico n.;700;;Tamponamento Multiplo;Rettilineo;Due carreggiate;Asciutto;Asfaltata;Orizzontale;Sereno;Normale;Sufficiente;;3;0;0;3;12.5552;41.8755;-1;1;Autovettura privata;In marcia / fermata / arresto;Conducente;F;Rimandato;0;NON DECEDUTO;Non accertato;Esploso
5349429;7;31/03/2021 16:15:00;Strada Urbana;VIA CASILINA;in corrispondenza;;del civico n.;700;;Tamponamento Multiplo;Rettilineo;Due carreggiate;Asciutto;Asfaltata;Orizzontale;Sereno;Normale;Sufficiente;;3;0;0;3;12.5552;41.8755;-1;2;Autovettura privata;In marcia / fermata / arresto;Conducente;M;Illeso;0;;Non accertato;Inesploso
5349429;7;31/03/2021 16:15:00;Strada Urbana;VIA CASILINA;in corrispondenza;;del civico n.;700;;Tamponamento Multiplo;Rettilineo;Due carreggiate;Asciutto;Asfaltata;Orizzontale;Sereno;Normale;Sufficiente;;3;0;0;3;12.5552;41.8755;-1;3;Autovettura privata;In marcia / fermata / arresto;Conducente;F;Illeso;0;;Non accertato;Inesploso
5349429;7;31/03/2021 16:15:00;Strada Urbana;VIA CASILINA;in corrispondenza;;del civico n.;700;;Tamponamento Multiplo;Rettilineo;Due carreggiate;Asciutto;Asfaltata;Orizzontale;Sereno;Normale;Sufficiente;;3;0;0;3;12.5552;41.8755;-1;3;Autovettura privata;In marcia / fermata / arresto;Passeggero;F;Rimandato;0;NON DECEDUTO;Non accertato;Inesploso
5349429;7;31/03/2021 16:15:00;Strada Urbana;VIA CASILINA;in corrispondenza;;del civico n.;700;;Tamponamento Multiplo;Rettilineo;Due carreggiate;Asciutto;Asfaltata;Orizzontale;Sereno;Normale;Sufficiente;;3;0;0;3;12.5552;41.8755;-1;3;Autovettura privata;In marcia / fermata / arresto;Passeggero;F;Illeso;0;;Non accertato;Inesploso
5349429;7;31/03/2021 16:15:00;Strada Urbana;VIA CASILINA;in corrispondenza;;del civico n.;700;;Tamponamento Multiplo;Rettilineo;Due carreggiate;Asciutto;Asfaltata;Orizzontale;Sereno;Normale;Sufficiente;;3;0;0;3;12.5552;41.8755;-1;3;Autovettura privata;In marcia / fermata / arresto;Passeggero;M;Rimandato;0;NON DECEDUTO;Non accertato;Inesploso
5349435;4;31/03/2021 11:40:00;Strada Urbana;VIA UGO OJETTI;da specificare;;;;in prossimit� fronte civico 508 (area parcheggio);Tamponamento;Curva a visuale libera;Una carreggiata a senso unico di marcia;Asciutto;Asfaltata;Verticale ed orizzontale;Sereno;Scarso;Buona;;0;0;0;2;12.5546;41.947;-1;1;Autovettura privata;In marcia / fermata / arresto;Conducente;F;Illeso;0;;Non accertato;Inesploso
5349435;4;31/03/2021 11:40:00;Strada Urbana;VIA UGO OJETTI;da specificare;;;;in prossimit� fronte civico 508 (area parcheggio);Tamponamento;Curva a visuale libera;Una carreggiata a senso unico di marcia;Asciutto;Asfaltata;Verticale ed orizzontale;Sereno;Scarso;Buona;;0;0;0;2;12.5546;41.947;-1;2;Autovettura privata;In marcia / fermata / arresto;Conducente;F;Illeso;0;;Non accertato;Inesploso
5349437;6;31/03/2021 21:00:00;Strada Urbana;VIA ALFONSO ANTONINI;all'intersezione con;VIA GIUSEPPE DALLA VEDOVA;VIA GIUSEPPE DALLA VEDOVA;;;Scontro frontale/laterale SX fra veicoli in marcia;Incrocio;Una carreggiata a senso unico di marcia;Asciutto;Asfaltata;Verticale ed orizzontale;Sereno;Scarso;Buona;;0;0;0;2;12.5423;41.8864;-1;1;Autovettura privata;In marcia / fermata / arresto;Conducente;F;Illeso;0;;;
5349437;6;31/03/2021 21:00:00;Strada Urbana;VIA ALFONSO ANTONINI;all'intersezione con;VIA GIUSEPPE DALLA VEDOVA;VIA GIUSEPPE DALLA VEDOVA;;;Scontro frontale/laterale SX fra veicoli in marcia;Incrocio;Una carreggiata a senso unico di marcia;Asciutto;Asfaltata;Verticale ed orizzontale;Sereno;Scarso;Buona;;0;0;0;2;12.5423;41.8864;-1;2;Autovettura privata;In marcia / fermata / arresto;Conducente;M;Illeso;0;;;
5349438;18;31/03/2021 11:25:00;Strada Urbana;VIA DELLA MAGLIANELLA;da specificare;;;;fronte civico 206;Scontro laterale fra veicoli in marcia;Rettilineo;Una carreggiata a doppio senso;Asciutto;Asfaltata;Orizzontale;Sereno;Normale;Buona;;0;0;0;2;12.3791;41.9018;-1;1;Autobus di linea;In marcia / fermata / arresto;Conducente;M;Illeso;0;;Non accertato;Inesploso
5349438;18;31/03/2021 11:25:00;Strada Urbana;VIA DELLA MAGLIANELLA;da specificare;;;;fronte civico 206;Scontro laterale fra veicoli in marcia;Rettilineo;Una carreggiata a doppio senso;Asciutto;Asfaltata;Orizzontale;Sereno;Normale;Buona;;0;0;0;2;12.3791;41.9018;-1;2;Autovettura privata;In marcia / fermata / arresto;Conducente;M;Illeso;0;;Non accertato;Inesploso
5349440;7;31/03/2021 19:00:00;Strada Urbana;VIA ROBERTO LEPETIT;in corrispondenza;;del civico n.;131;;Veicolo in marcia contro veicolo in sosta;Rettilineo;Una carreggiata a senso unico di marcia;Asciutto;Asfaltata;Verticale ed orizzontale;Sereno;Scarso;Buona;;0;0;0;1;12.5843;41.8868;-1;1;Autovettura privata;In marcia / fermata / arresto;Conducente;M;Illeso;0;;;
5349440;7;31/03/2021 19:00:00;Strada Urbana;VIA ROBERTO LEPETIT;in corrispondenza;;del civico n.;131;;Veicolo in marcia contro veicolo in sosta;Rettilineo;Una carreggiata a senso unico di marcia;Asciutto;Asfaltata;Verticale ed orizzontale;Sereno;Scarso;Buona;;0;0;0;1;12.5843;41.8868;-1;2;Autovettura privata;Sosta;;;;;;;
5349441;20;31/03/2021 08:30:00;Strada Urbana;VIA CIVITELLA D'AGLIANO;in corrispondenza;;del civico n.;3;;Veicolo in marcia contro veicolo in sosta;Rettilineo;Una carreggiata a doppio senso;Asciutto;Asfaltata;Verticale ed orizzontale;Sereno;Normale;Buona;;0;0;0;1;12.4723;41.9471;-1;1;Veicolo speciale;In marcia / fermata / arresto;Conducente;M;Illeso;0;;Non accertato;Inesploso
5349441;20;31/03/2021 08:30:00;Strada Urbana;VIA CIVITELLA D'AGLIANO;in corrispondenza;;del civico n.;3;;Veicolo in marcia contro veicolo in sosta;Rettilineo;Una carreggiata a doppio senso;Asciutto;Asfaltata;Verticale ed orizzontale;Sereno;Normale;Buona;;0;0;0;1;12.4723;41.9471;-1;2;Autovettura privata;Sosta;;;;;;;
5349451;10;31/03/2021 15:40:00;Strada Urbana;VIA LUCIO SESTIO;all'intersezione con;VIA SERVILIO ISARNICO;VIA SERVILIO ISARNICO;;;Scontro laterale fra veicoli in marcia;Incrocio;Due carreggiate;Asciutto;Asfaltata;Verticale ed orizzontale;Sereno;Normale;Buona;;0;0;0;3;12.5546;41.8572;-1;1;Autovettura privata;In marcia / fermata / arresto;Conducente;F;Illeso;0;;Non accertato;Inesploso
5349451;10;31/03/2021 15:40:00;Strada Urbana;VIA LUCIO SESTIO;all'intersezione con;VIA SERVILIO ISARNICO;VIA SERVILIO ISARNICO;;;Scontro laterale fra veicoli in marcia;Incrocio;Due carreggiate;Asciutto;Asfaltata;Verticale ed orizzontale;Sereno;Normale;Buona;;0;0;0;3;12.5546;41.8572;-1;2;Autovettura privata;In marcia / fermata / arresto;Conducente;F;Illeso;0;;Non accertato;Inesploso
5349451;10;31/03/2021 15:40:00;Strada Urbana;VIA LUCIO SESTIO;all'intersezione con;VIA SERVILIO ISARNICO;VIA SERVILIO ISARNICO;;;Scontro laterale fra veicoli in marcia;Incrocio;Due carreggiate;Asciutto;Asfaltata;Verticale ed orizzontale;Sereno;Normale;Buona;;0;0;0;3;12.5546;41.8572;-1;2;Autovettura privata;In marcia / fermata / arresto;Passeggero;M;Illeso;0;;Non accertato;Inesploso
5349462;20;31/03/2021 14:40:00;Strada Urbana;VIA FLAMINIA NUOVA;da specificare;;;;in prossimit� Via Vitorchiano;Tamponamento Multiplo;Rettilineo;Due carreggiate;Asciutto;Asfaltata;Verticale ed orizzontale;Sereno;Intenso;Buona;;0;0;0;3;12.4866;41.9583;-1;1;Autovettura privata;In marcia / fermata / arresto;Conducente;M;Illeso;0;;Non accertato;Inesploso
5349462;20;31/03/2021 14:40:00;Strada Urbana;VIA FLAMINIA NUOVA;da specificare;;;;in prossimit� Via Vitorchiano;Tamponamento Multiplo;Rettilineo;Due carreggiate;Asciutto;Asfaltata;Verticale ed orizzontale;Sereno;Intenso;Buona;;0;0;0;3;12.4866;41.9583;-1;2;Autovettura privata;In marcia / fermata / arresto;Conducente;F;Illeso;0;;Non accertato;Inesploso
5349462;20;31/03/2021 14:40:00;Strada Urbana;VIA FLAMINIA NUOVA;da specificare;;;;in prossimit� Via Vitorchiano;Tamponamento Multiplo;Rettilineo;Due carreggiate;Asciutto;Asfaltata;Verticale ed orizzontale;Sereno;Intenso;Buona;;0;0;0;3;12.4866;41.9583;-1;3;Autovettura privata;In marcia / fermata / arresto;Conducente;F;Illeso;0;;Non accertato;Inesploso
5349465;7;31/03/2021 18:30:00;Strada Urbana;LARGO GIROLAMO COCCONI;all'intersezione con;VIA VINCENZO CESATI;VIA VINCENZO CESATI;;;Scontro frontale/laterale DX fra veicoli in marcia;Intersezione stradale segnalata;Una carreggiata a doppio senso;Asciutto;Asfaltata;Verticale ed orizzontale;Sereno;Normale;Buona;;2;0;0;1;12.5636;41.8935;-1;1;Motociclo con passeggero;In marcia / fermata / arresto;Conducente;M;Rimandato;0;NON DECEDUTO;Non accertato;
5349465;7;31/03/2021 18:30:00;Strada Urbana;LARGO GIROLAMO COCCONI;all'intersezione con;VIA VINCENZO CESATI;VIA VINCENZO CESATI;;;Scontro frontale/laterale DX fra veicoli in marcia;Intersezione stradale segnalata;Una carreggiata a doppio senso;Asciutto;Asfaltata;Verticale ed orizzontale;Sereno;Normale;Buona;;2;0;0;1;12.5636;41.8935;-1;1;Motociclo con passeggero;In marcia / fermata / arresto;Passeggero;F;Rimandato;0;NON DECEDUTO;Non accertato;
5349465;7;31/03/2021 18:30:00;Strada Urbana;LARGO GIROLAMO COCCONI;all'intersezione con;VIA VINCENZO CESATI;VIA VINCENZO CESATI;;;Scontro frontale/laterale DX fra veicoli in marcia;Intersezione stradale segnalata;Una carreggiata a doppio senso;Asciutto;Asfaltata;Verticale ed orizzontale;Sereno;Normale;Buona;;2;0;0;1;12.5636;41.8935;-1;2;Autovettura privata;In marcia / fermata / arresto;Conducente;F;Illeso;0;;Non accertato;
5349466;20;31/03/2021 20:20:00;Strada Urbana;VIA DI GROTTAROSSA;all'intersezione con;VIA DELLA CRESCENZA;VIA DELLA CRESCENZA;;;Scontro frontale/laterale SX fra veicoli in marcia;Incrocio;Una carreggiata a doppio senso;Asciutto;Asfaltata;Verticale ed orizzontale;Sereno;Scarso;Sufficiente;;0;0;0;3;12.46;41.9732;-1;1;Autovettura privata;In marcia / fermata / arresto;Conducente;M;Illeso;0;;Non accertato;Inesploso
5349466;20;31/03/2021 20:20:00;Strada Urbana;VIA DI GROTTAROSSA;all'intersezione con;VIA DELLA CRESCENZA;VIA DELLA CRESCENZA;;;Scontro frontale/laterale SX fra veicoli in marcia;Incrocio;Una carreggiata a doppio senso;Asciutto;Asfaltata;Verticale ed orizzontale;Sereno;Scarso;Sufficiente;;0;0;0;3;12.46;41.9732;-1;1;Autovettura privata;In marcia / fermata / arresto;Passeggero;M;Illeso;0;;Non accertato;Inesploso
5349466;20;31/03/2021 20:20:00;Strada Urbana;VIA DI GROTTAROSSA;all'intersezione con;VIA DELLA CRESCENZA;VIA DELLA CRESCENZA;;;Scontro frontale/laterale SX fra veicoli in marcia;Incrocio;Una carreggiata a doppio senso;Asciutto;Asfaltata;Verticale ed orizzontale;Sereno;Scarso;Sufficiente;;0;0;0;3;12.46;41.9732;-1;2;Autovettura privata;In marcia / fermata / arresto;Conducente;M;Illeso;0;;Non accertato;Inesploso
5349473;18;31/03/2021 08:20:00;Statale entro l'abitato;VIA AURELIA;da specificare;;;;km. 9+400 direzione Roma;Veicolo in marcia che urta buche nella carreggiata;Rettilineo;Pi� di due carreggiate;Asciutto;Asfaltata;Verticale ed orizzontale;Sereno;Normale;Buona;;0;0;0;1;12.4003;41.8875;-1;1;Autovettura privata;In marcia / fermata / arresto;Conducente;F;Illeso;0;;Non accertato;Inesploso
5349476;4;31/03/2021 18:50:00;Strada Urbana;VIALE GINO CERVI;da specificare;;;;prossimit� VIA DELLE VIGNE NUOVE;Investimento di pedone;Rettilineo;Due carreggiate;Asciutto;Asfaltata;Verticale ed orizzontale;Sereno;Intenso;Buona;;1;0;0;1;12.5326;41.9629;-1;;;;Pedone;F;Rimandato;0;NON DECEDUTO;;
5349476;4;31/03/2021 18:50:00;Strada Urbana;VIALE GINO CERVI;da specificare;;;;prossimit� VIA DELLE VIGNE NUOVE;Investimento di pedone;Rettilineo;Due carreggiate;Asciutto;Asfaltata;Verticale ed orizzontale;Sereno;Intenso;Buona;;1;0;0;1;12.5326;41.9629;-1;1;Autovettura privata;In marcia / fermata / arresto;Conducente;M;Illeso;0;;Non accertato;Inesploso
5349493;5;31/03/2021 17:45:00;Strada Urbana;VIA ALFONSO TORELLI;in prossimit�;;del civico n.;15;;Scontro laterale fra veicoli in marcia;Rettilineo;Una carreggiata a doppio senso;Asciutto;Asfaltata;Orizzontale;Sereno;Normale;Buona;;0;0;0;2;12.5393;41.9001;-1;1;Autovettura privata;In marcia / fermata / arresto;Conducente;M;Illeso;0;;Non accertato;
5349493;5;31/03/2021 17:45:00;Strada Urbana;VIA ALFONSO TORELLI;in prossimit�;;del civico n.;15;;Scontro laterale fra veicoli in marcia;Rettilineo;Una carreggiata a doppio senso;Asciutto;Asfaltata;Orizzontale;Sereno;Normale;Buona;;0;0;0;2;12.5393;41.9001;-1;2;Autovettura privata;In marcia / fermata / arresto;Conducente;F;Illeso;0;;Non accertato;Inesploso
5349496;10;31/03/2021 17:40:00;Strada Urbana;VIA DELLE CAPANNELLE;da specificare;;;;palo ACEA 102 fr. ingresso Ippodromo;Scontro laterale fra veicoli in marcia;Rettilineo;Due carreggiate;Asciutto;Asfaltata;Verticale ed orizzontale;Sereno;Normale;Buona;;2;0;0;2;12.5622;41.8248;-1;1;Autovettura di polizia;In marcia / fermata / arresto;Conducente;M;Illeso;0;;Non accertato;Inesploso
5349496;10;31/03/2021 17:40:00;Strada Urbana;VIA DELLE CAPANNELLE;da specificare;;;;palo ACEA 102 fr. ingresso Ippodromo;Scontro laterale fra veicoli in marcia;Rettilineo;Due carreggiate;Asciutto;Asfaltata;Verticale ed orizzontale;Sereno;Normale;Buona;;2;0;0;2;12.5622;41.8248;-1;1;Autovettura di polizia;In marcia / fermata / arresto;Passeggero;M;Illeso;0;;Non accertato;Inesploso
5349496;10;31/03/2021 17:40:00;Strada Urbana;VIA DELLE CAPANNELLE;da specificare;;;;palo ACEA 102 fr. ingresso Ippodromo;Scontro laterale fra veicoli in marcia;Rettilineo;Due carreggiate;Asciutto;Asfaltata;Verticale ed orizzontale;Sereno;Normale;Buona;;2;0;0;2;12.5622;41.8248;-1;2;Motociclo con passeggero;In marcia / fermata / arresto;Conducente;M;Ricoverato;0;NON DECEDUTO;Non accertato;
5349496;10;31/03/2021 17:40:00;Strada Urbana;VIA DELLE CAPANNELLE;da specificare;;;;palo ACEA 102 fr. ingresso Ippodromo;Scontro laterale fra veicoli in marcia;Rettilineo;Due carreggiate;Asciutto;Asfaltata;Verticale ed orizzontale;Sereno;Normale;Buona;;2;0;0;2;12.5622;41.8248;-1;2;Motociclo con passeggero;In marcia / fermata / arresto;Passeggero;F;Rimandato;0;NON DECEDUTO;Non accertato;
5349500;13;31/03/2021 15:25:00;Strada Urbana;VIA PADRE VITALE;all'intersezione con;VIA ELIA FACCHINI;VIA ELIA FACCHINI;;;Scontro frontale/laterale SX fra veicoli in marcia;Incrocio;Una carreggiata a senso unico di marcia;Asciutto;Asfaltata;Verticale;Sereno;Scarso;Sufficiente;;0;0;0;3;12.3567;41.766;-1;1;Autocarro inferiore 35 q.;In marcia / fermata / arresto;Conducente;M;Illeso;0;;Non accertato;Inesploso
5349500;13;31/03/2021 15:25:00;Strada Urbana;VIA PADRE VITALE;all'intersezione con;VIA ELIA FACCHINI;VIA ELIA FACCHINI;;;Scontro frontale/laterale SX fra veicoli in marcia;Incrocio;Una carreggiata a senso unico di marcia;Asciutto;Asfaltata;Verticale;Sereno;Scarso;Sufficiente;;0;0;0;3;12.3567;41.766;-1;1;Autocarro inferiore 35 q.;In marcia / fermata / arresto;Passeggero;M;Illeso;0;;Non accertato;Inesploso
5349500;13;31/03/2021 15:25:00;Strada Urbana;VIA PADRE VITALE;all'intersezione con;VIA ELIA FACCHINI;VIA ELIA FACCHINI;;;Scontro frontale/laterale SX fra veicoli in marcia;Incrocio;Una carreggiata a senso unico di marcia;Asciutto;Asfaltata;Verticale;Sereno;Scarso;Sufficiente;;0;0;0;3;12.3567;41.766;-1;2;Autovettura privata;In marcia / fermata / arresto;Conducente;F;Illeso;0;;Non accertato;Inesploso
5349503;5;31/03/2021 12:30:00;Strada Urbana;VIA DEI MONTI TIBURTINI;da specificare;;;;SVINCOLO VIA MONTI DI PIETRALATA;Scontro laterale fra veicoli in marcia;Rettilineo;Una carreggiata a senso unico di marcia;Asciutto;Asfaltata;Orizzontale;Sereno;Intenso;Sufficiente;;0;0;0;4;12.5414;41.9176;-1;1;Autovettura privata;In marcia / fermata / arresto;Conducente;F;Illeso;0;;Non accertato;Inesploso
5349503;5;31/03/2021 12:30:00;Strada Urbana;VIA DEI MONTI TIBURTINI;da specificare;;;;SVINCOLO VIA MONTI DI PIETRALATA;Scontro laterale fra veicoli in marcia;Rettilineo;Una carreggiata a senso unico di marcia;Asciutto;Asfaltata;Orizzontale;Sereno;Intenso;Sufficiente;;0;0;0;4;12.5414;41.9176;-1;1;Autovettura privata;In marcia / fermata / arresto;Passeggero;F;Illeso;0;;Non accertato;Inesploso